Month,Reporting org id,Reporting org name,Reporting org type,Sector,Recipient country,Humanitarian?,Strict?,Transaction type,Activity id,Net money,Total money
#date+month,#org+id,#org+name,#org+type,#sector,#country,#indicator+bool+humanitarian,#indicator+bool+strict,#x_transaction_type,#activity+code,#value+net,#value+total
2022-05,CBi-PROVIDER-1,[redacted] Donor A,70,Energy,American Red Cross,1,1,spending,CBi-ACTIVITY-0,2500000,2500000
2022-05,CBi-PROVIDER-1,[redacted] Donor A,70,Energy,World Food Programme (WFP),1,1,spending,CBi-ACTIVITY-1,2425000,2425000
2022-05,CBi-PROVIDER-2,3M,70,Consumer discretionary,[multiple or not specified],1,1,commitments,CBi-ACTIVITY-2,2000000,2000000
2022-05,CBi-PROVIDER-2,3M,70,Consumer discretionary,GlobalGiving [NGO],1,1,commitments,CBi-ACTIVITY-3,752000,752000
2022-05,CBi-PROVIDER-3,Abbott Laboratories,70,Health care,[multiple or not specified],1,1,commitments,CBi-ACTIVITY-4,2000000,2000000
2022-05,CBi-PROVIDER-4,AbbVie Inc.,70,Health care,[multiple or not specified],1,1,commitments,CBi-ACTIVITY-5,1000000,1000000
2022-05,CBi-PROVIDER-5,ABP Food Group Ltd.,70,Consumer staples,[multiple or not specified],1,1,commitments,CBi-ACTIVITY-6,3224670,3224670
2022-05,CBi-PROVIDER-6,Accenture,70,Financials,[multiple or not specified],1,1,commitments,CBi-ACTIVITY-7,5000000,5000000
2022-05,CBi-PROVIDER-7,Acronis International GmbH,70,Information technology,[multiple or not specified],1,1,commitments,CBi-ACTIVITY-8,500000,500000
2022-05,CBi-PROVIDER-8,Adobe Inc.,70,Information technology,[multiple or not specified],1,1,commitments,CBi-ACTIVITY-9,1000000,1000000
2022-05,CBi-PROVIDER-9,"ADP, Inc.",70,Information Technology,[multiple or not specified],1,1,commitments,CBi-ACTIVITY-10,1500000,1500000
2022-05,CBi-PROVIDER-10,AGCO Agriculture Foundation,70,Industrials,World Food Programme (WFP),1,1,spending,CBi-ACTIVITY-11,100000,100000
2022-05,CBi-PROVIDER-11,Akelius Foundation,70,Real estate,United Nations High Commissioner for Refugees (UNHCR),1,1,spending,CBi-ACTIVITY-12,52000000,52000000
2022-05,CBi-PROVIDER-12,Alcoa Corporation,70,Materials,International Rescue Committee (IRC) [NGO],1,1,commitments,CBi-ACTIVITY-13,500000,500000
2022-05,CBi-PROVIDER-13,Aldi Nord,70,Consumer staples,International Federation of Red Cross and Red Crescent Societies (IFRC),1,1,spending,CBi-ACTIVITY-14,126443,126443
2022-05,CBi-PROVIDER-14,ALDI SOUTH Group,70,Consumer staples,[multiple or not specified],1,1,spending,CBi-ACTIVITY-15,1161431,1161431
2022-05,CBi-PROVIDER-14,ALDI SOUTH Group,70,Consumer staples,[multiple or not specified],1,1,commitments,CBi-ACTIVITY-16,2545137,2545137
2022-05,CBi-PROVIDER-14,ALDI SOUTH Group,70,Consumer staples,Austrian Red Cross,1,1,spending,CBi-ACTIVITY-17,526487,526487
2022-05,CBi-PROVIDER-14,ALDI SOUTH Group,70,Consumer staples,Caritas [NGO],1,1,spending,CBi-ACTIVITY-18,421190,421190
2022-05,CBi-PROVIDER-14,ALDI SOUTH Group,70,Consumer staples,Diakonie [NGO],1,1,spending,CBi-ACTIVITY-19,294833,294833
2022-05,CBi-PROVIDER-14,ALDI SOUTH Group,70,Consumer staples,SOS Children's Villages [NGO],1,1,spending,CBi-ACTIVITY-20,315892,315892
2022-05,CBi-PROVIDER-15,Aldwin Callen,70,Financials,[multiple or not specified],1,1,commitments,CBi-ACTIVITY-21,2500000,2500000
2022-05,CBi-PROVIDER-16,Allianz SE,70,Financials,[multiple or not specified],1,1,commitments,CBi-ACTIVITY-22,8691139,8691139
2022-05,CBi-PROVIDER-16,Allianz SE,70,Financials,German Red Cross,1,1,commitments,CBi-ACTIVITY-23,1089690,1089690
2022-05,CBi-PROVIDER-16,Allianz SE,70,Financials,World Food Programme (WFP),1,1,spending,CBi-ACTIVITY-24,1116071,1116071
2022-05,CBi-PROVIDER-17,Amadeus IT Group,70,Information technology,International Federation of Red Cross and Red Crescent Societies (IFRC),1,1,spending,CBi-ACTIVITY-25,1501,1501
2022-05,CBi-PROVIDER-18,"Amazon.com, Inc.",70,Information technology,[multiple or not specified],1,1,commitments,CBi-ACTIVITY-26,5000000,5000000
2022-05,CBi-PROVIDER-18,"Amazon.com, Inc.",70,Information technology,International Organization for Migration (IOM),1,1,commitments,CBi-ACTIVITY-27,50000,50000
2022-05,CBi-PROVIDER-18,"Amazon.com, Inc.",70,Information technology,World Food Programme (WFP),1,1,spending,CBi-ACTIVITY-28,180000,180000
2022-05,CBi-PROVIDER-19,American Express Company,70,Financials,American Red Cross,1,1,commitments,CBi-ACTIVITY-29,250000,250000
2022-05,CBi-PROVIDER-19,American Express Company,70,Financials,International Medical Corps (IMC) [NGO],1,1,commitments,CBi-ACTIVITY-30,250000,250000
2022-05,CBi-PROVIDER-19,American Express Company,70,Financials,International Rescue Committee (IRC) [NGO],1,1,commitments,CBi-ACTIVITY-31,250000,250000
2022-05,CBi-PROVIDER-19,American Express Company,70,Financials,United Nations Children's Fund (UNICEF),1,1,commitments,CBi-ACTIVITY-32,250000,250000
2022-05,CBi-PROVIDER-20,AmerisourceBergen Foundation,70,Health care,[multiple or not specified],1,1,commitments,CBi-ACTIVITY-33,500000,500000
2022-05,CBi-PROVIDER-21,"Amgen Foundation, Inc.",70,Health care,International Medical Corps (IMC) [NGO],1,1,commitments,CBi-ACTIVITY-34,250000,250000
2022-05,CBi-PROVIDER-21,"Amgen Foundation, Inc.",70,Health care,Project Hope [NGO],1,1,commitments,CBi-ACTIVITY-35,250000,250000
2022-05,CBi-PROVIDER-22,Analog Devices Incorporated,70,Industrials,International Federation of Red Cross and Red Crescent Societies (IFRC),1,1,spending,CBi-ACTIVITY-36,101320,101320
2022-05,CBi-PROVIDER-23,AngloAmerican Foundation,70,Materials,[multiple or not specified],1,1,commitments,CBi-ACTIVITY-37,5000000,5000000
2022-05,CBi-PROVIDER-24,Arcadia Fund,70,Industrials,British Red Cross Society ,1,1,spending,CBi-ACTIVITY-38,6517325,6517325
2022-05,CBi-PROVIDER-24,Arcadia Fund,70,Industrials,British-Ukrainian Aid [NGO],1,1,commitments,CBi-ACTIVITY-39,32586,32586
2022-05,CBi-PROVIDER-24,Arcadia Fund,70,Industrials,Foundation Conservation Carpathia [NGO],1,1,spending,CBi-ACTIVITY-40,271879,271879
2022-05,CBi-PROVIDER-24,Arcadia Fund,70,Industrials,Frankfurt Zoological Society [NGO],1,1,spending,CBi-ACTIVITY-41,271879,271879
2022-05,CBi-PROVIDER-24,Arcadia Fund,70,Industrials,Refugee Council [NGO],1,1,spending,CBi-ACTIVITY-42,651732,651732
2022-05,CBi-PROVIDER-24,Arcadia Fund,70,Industrials,Save the Children [NGO],1,1,spending,CBi-ACTIVITY-43,2281064,2281064
2022-05,CBi-PROVIDER-24,Arcadia Fund,70,Industrials,United Nations High Commissioner for Refugees (UNHCR),1,1,spending,CBi-ACTIVITY-44,3910395,3910395
2022-05,CBi-PROVIDER-25,Arcadis NV,70,Industrials,International Federation of Red Cross and Red Crescent Societies (IFRC),1,1,spending,CBi-ACTIVITY-45,212451,212451
2022-05,CBi-PROVIDER-26,Archer-Daniels-Midland Company,70,Consumer staples,World Food Programme (WFP),1,1,spending,CBi-ACTIVITY-46,485000,485000
2022-05,CBi-PROVIDER-27,Arc'teryx,70,Consumer discretionary,Ukraine Humanitarian Fund (UHF),1,1,spending,CBi-ACTIVITY-47,271879,271879
2022-05,CBi-PROVIDER-28,Ares Management Corporation,70,Financials,CARE International [NGO],1,1,commitments,CBi-ACTIVITY-48,100000,100000
2022-05,CBi-PROVIDER-28,Ares Management Corporation,70,Financials,Voices of Children Foundation [NGO],1,1,commitments,CBi-ACTIVITY-49,100000,100000
2022-05,CBi-PROVIDER-28,Ares Management Corporation,70,Financials,World Central Kitchen [NGO],1,1,commitments,CBi-ACTIVITY-50,100000,100000
2022-05,CBi-PROVIDER-29,Argyle Systems Inc ,70,Industrials,GoFundMe.org Ukraine Humanitarian Fund,1,1,spending,CBi-ACTIVITY-51,50000,50000
2022-05,CBi-PROVIDER-30,Armani Group ,70,Consumer discretionary,United Nations High Commissioner for Refugees (UNHCR),1,1,spending,CBi-ACTIVITY-52,561798,561798
2022-05,CBi-PROVIDER-31,Asda Stores Ltd,70,Consumer discretionary,[multiple or not specified],1,1,commitments,CBi-ACTIVITY-53,980712,980712
2022-05,CBi-PROVIDER-31,Asda Stores Ltd,70,Consumer discretionary,United Nations Children's Fund (UNICEF),1,1,commitments,CBi-ACTIVITY-54,330000,330000
2022-05,CBi-PROVIDER-32,ASIS International,70,Industrials,Ukraine Humanitarian Fund (UHF),1,1,spending,CBi-ACTIVITY-55,10000,10000
2022-05,CBi-PROVIDER-33,Astellas Pharma Inc.,70,Health care,United Nations Children's Fund (UNICEF),1,1,commitments,CBi-ACTIVITY-56,78308,78308
2022-05,CBi-PROVIDER-34,AstraZeneca,70,Health care,[multiple or not specified],1,1,commitments,CBi-ACTIVITY-57,2000000,2000000
2022-05,CBi-PROVIDER-34,AstraZeneca,70,Health care,Direct Relief [NGO],1,1,commitments,CBi-ACTIVITY-58,3000000,3000000
2022-05,CBi-PROVIDER-34,AstraZeneca,70,Health care,International Federation of Red Cross and Red Crescent Societies (IFRC),1,1,spending,CBi-ACTIVITY-59,9343,9343
2022-05,CBi-PROVIDER-35,Atlas Copco Group,70,Industrials,United Nations High Commissioner for Refugees (UNHCR),1,1,commitments,CBi-ACTIVITY-60,105807,105807
2022-05,CBi-PROVIDER-36,ATN Corp.,70,Consumer discretionary,The Gorta Group [NGO],1,1,commitments,CBi-ACTIVITY-61,300000,300000
2022-05,CBi-PROVIDER-37,Audi AG,70,Consumer discretionary,UNO-Flüchtlingshilfe (Germany for UNHCR),1,1,commitments,CBi-ACTIVITY-62,268591,268591
2022-05,CBi-PROVIDER-37,Audi AG,70,Consumer discretionary,UNO-Flüchtlingshilfe (Germany for UNHCR),1,1,commitments,CBi-ACTIVITY-63,805774,805774
2022-05,CBi-PROVIDER-38,"Aurora World, Inc.",70,Consumer discretionary,The Toy Foundation [NGO],1,1,commitments,CBi-ACTIVITY-64,250000,250000
2022-05,CBi-PROVIDER-39,aviado GmbH,70,Industrials,Ukraine Humanitarian Fund (UHF),1,1,spending,CBi-ACTIVITY-65,16667,16667
2022-05,CBi-PROVIDER-40,AXA,70,Financials,[multiple or not specified],1,1,commitments,CBi-ACTIVITY-66,6405720,6405720
2022-05,CBi-PROVIDER-41,Backcountry,70,Consumer discretionary,CARE International [NGO],1,1,commitments,CBi-ACTIVITY-67,10000,10000
2022-05,CBi-PROVIDER-42,Bain & Company,70,Financials,United Nations High Commissioner for Refugees (UNHCR),1,1,commitments,CBi-ACTIVITY-68,1000000,1000000
2022-05,CBi-PROVIDER-43,Baker Creek Heirloom Seed Company,70,Consumer discretionary,World Help [NGO],1,1,commitments,CBi-ACTIVITY-69,1600000,1600000
2022-05,CBi-PROVIDER-44,Balenciaga SAS,70,Consumer discretionary,World Food Programme (WFP),1,1,spending,CBi-ACTIVITY-70,337079,337079
2022-05,CBi-PROVIDER-45,Banco Santander S.A.,70,Financials,[multiple or not specified],1,1,commitments,CBi-ACTIVITY-71,1087495,1087495
2022-05,CBi-PROVIDER-46,Bandai Namco,70,Consumer discretionary,Save the Children [NGO],1,1,commitments,CBi-ACTIVITY-72,817420,817420
2022-05,CBi-PROVIDER-47,Bank of America,70,Financials,[multiple or not specified],1,1,commitments,CBi-ACTIVITY-73,1000000,1000000
2022-05,CBi-PROVIDER-48,Bank of Ireland,70,Financials,Irish Red Cross Society,1,1,commitments,CBi-ACTIVITY-74,109000,109000
2022-05,CBi-PROVIDER-49,Barratt Foundation,70,Communications services,British Red Cross Society ,1,1,commitments,CBi-ACTIVITY-75,66000,66000
2022-05,CBi-PROVIDER-50,Barry Callebaut AG,70,Consumer discretionary,International Federation of Red Cross and Red Crescent Societies (IFRC),1,1,spending,CBi-ACTIVITY-76,31617,31617
2022-05,CBi-PROVIDER-51,BASF,70,Industrials,German Red Cross,1,1,commitments,CBi-ACTIVITY-77,1101820,1101820
2022-05,CBi-PROVIDER-52,Bayer AG,70,Health care,[multiple or not specified],1,1,spending,CBi-ACTIVITY-78,204681,204681
2022-05,CBi-PROVIDER-52,Bayer AG,70,Health care,[multiple or not specified],1,1,commitments,CBi-ACTIVITY-79,263672,263672
2022-05,CBi-PROVIDER-52,Bayer AG,70,Health care,[multiple or not specified],1,1,commitments,CBi-ACTIVITY-80,1673122,1673122
2022-05,CBi-PROVIDER-52,Bayer AG,70,Health care,German Red Cross,1,1,spending,CBi-ACTIVITY-81,210938,210938
2022-05,CBi-PROVIDER-52,Bayer AG,70,Health care,German Red Cross,1,1,spending,CBi-ACTIVITY-82,1120462,1120462
2022-05,CBi-PROVIDER-52,Bayer AG,70,Health care,Ministry of Agrarian Policy and Food of Ukraine [government],1,1,spending,CBi-ACTIVITY-83,1582035,1582035
2022-05,CBi-PROVIDER-52,Bayer AG,70,Health care,Ministry of Health of Ukraine [government],1,1,spending,CBi-ACTIVITY-84,949221,949221
2022-05,CBi-PROVIDER-52,Bayer AG,70,Health care,Pioneer Foundation [NGO],1,1,commitments,CBi-ACTIVITY-85,21093,21093
2022-05,CBi-PROVIDER-52,Bayer AG,70,Health care,Polish Red Cross,1,1,commitments,CBi-ACTIVITY-86,263672,263672
2022-05,CBi-PROVIDER-52,Bayer AG,70,Health care,Ukrainian Red Cross Society,1,1,commitments,CBi-ACTIVITY-87,527345,527345
2022-05,CBi-PROVIDER-53,BBVA,70,Financials,United Kingdom for UNHCR,1,1,commitments,CBi-ACTIVITY-88,545000,545000
2022-05,CBi-PROVIDER-53,BBVA,70,Financials,United Nations Children's Fund (UNICEF),1,1,commitments,CBi-ACTIVITY-89,545000,545000
2022-05,CBi-PROVIDER-54,BentallGreenOak,70,Real estate,United Nations Children's Fund (UNICEF),1,1,commitments,CBi-ACTIVITY-90,39500,39500
2022-05,CBi-PROVIDER-55,BHP Foundation,70,Materials,Ukraine Humanitarian Fund (UHF),1,1,commitments,CBi-ACTIVITY-91,2000000,2000000
2022-05,CBi-PROVIDER-55,BHP Foundation,70,Materials,United Nations High Commissioner for Refugees (UNHCR),1,1,commitments,CBi-ACTIVITY-92,2000000,2000000
2022-05,CBi-PROVIDER-56,BioNTech SE,70,Health care,UNO-Flüchtlingshilfe (Germany for UNHCR),1,1,commitments,CBi-ACTIVITY-93,1099600,1099600
2022-05,CBi-PROVIDER-57,Blockchain Charity Foundation USA,70,Financials,International Strategic Action Network for Security [NGO],1,1,commitments,CBi-ACTIVITY-94,500000,500000
2022-05,CBi-PROVIDER-57,Blockchain Charity Foundation USA,70,Financials,People in Need [NGO],1,1,commitments,CBi-ACTIVITY-95,1000000,1000000
2022-05,CBi-PROVIDER-57,Blockchain Charity Foundation USA,70,Financials,Ukraine Rotary Club Kyiv International [NGO],1,1,commitments,CBi-ACTIVITY-96,250000,250000
2022-05,CBi-PROVIDER-57,Blockchain Charity Foundation USA,70,Financials,United Nations Children's Fund (UNICEF),1,1,commitments,CBi-ACTIVITY-97,2500000,2500000
2022-05,CBi-PROVIDER-57,Blockchain Charity Foundation USA,70,Financials,United Nations High Commissioner for Refugees (UNHCR),1,1,commitments,CBi-ACTIVITY-98,2500000,2500000
2022-05,CBi-PROVIDER-58,Bloomberg L.P.,70,Information technology,International Federation of Red Cross and Red Crescent Societies (IFRC),1,1,spending,CBi-ACTIVITY-99,49715,49715
2022-05,CBi-PROVIDER-59,Bloomberg Philanthropies,70,Information technology,International Rescue Committee (IRC) [NGO],1,1,commitments,CBi-ACTIVITY-100,30000000,30000000
2022-05,CBi-PROVIDER-59,Bloomberg Philanthropies,70,Information technology,World Central Kitchen [NGO],1,1,commitments,CBi-ACTIVITY-101,10000000,10000000
2022-05,CBi-PROVIDER-60,Bloomsbury Publishing,70,Consumer discretionary,United Nations High Commissioner for Refugees (UNHCR),1,1,spending,CBi-ACTIVITY-102,20380,20380
2022-05,CBi-PROVIDER-61,"Blue Bottle Coffee, Inc.",70,Consumer discretionary,[multiple or not specified],1,1,commitments,CBi-ACTIVITY-103,50000,50000
2022-05,CBi-PROVIDER-62,BNY Mellon,70,Financials,Ukraine Humanitarian Fund (UHF),1,1,commitments,CBi-ACTIVITY-104,200000,200000
2022-05,CBi-PROVIDER-63,Boehringer Ingelheim International GmbH,70,Health care,Aktion Deutschland Hilft [NGO],1,1,commitments,CBi-ACTIVITY-105,526473,526473
2022-05,CBi-PROVIDER-63,Boehringer Ingelheim International GmbH,70,Health care,Aktionsbündnis Katastrophenhilfe [NGO],1,1,commitments,CBi-ACTIVITY-106,789708,789708
2022-05,CBi-PROVIDER-63,Boehringer Ingelheim International GmbH,70,Health care,German Red Cross,1,1,commitments,CBi-ACTIVITY-107,789708,789708
2022-05,CBi-PROVIDER-63,Boehringer Ingelheim International GmbH,70,Health care,UNO-Flüchtlingshilfe (Germany for UNHCR),1,1,commitments,CBi-ACTIVITY-108,526473,526473
2022-05,CBi-PROVIDER-64,Boeing Company Charitable Trust,70,Industrials,[multiple or not specified],1,1,commitments,CBi-ACTIVITY-109,250000,250000
2022-05,CBi-PROVIDER-64,Boeing Company Charitable Trust,70,Industrials,American Red Cross,1,1,commitments,CBi-ACTIVITY-110,500000,500000
2022-05,CBi-PROVIDER-64,Boeing Company Charitable Trust,70,Industrials,Americares [NGO],1,1,commitments,CBi-ACTIVITY-111,250000,250000
2022-05,CBi-PROVIDER-64,Boeing Company Charitable Trust,70,Industrials,CARE International [NGO],1,1,commitments,CBi-ACTIVITY-112,1000000,1000000
2022-05,CBi-PROVIDER-65,Bolt Technology OÜ,70,Consumer discretionary,Bērnu Klīniskā Universitātes Slimnīca (Latvian Children's Hospital),1,1,spending,CBi-ACTIVITY-113,262500,262500
2022-05,CBi-PROVIDER-65,Bolt Technology OÜ,70,Consumer discretionary,International Rescue Committee (IRC) [NGO],1,1,spending,CBi-ACTIVITY-114,262500,262500
2022-05,CBi-PROVIDER-65,Bolt Technology OÜ,70,Consumer discretionary,Médecins Sans Frontières (MSF) [NGO],1,1,spending,CBi-ACTIVITY-115,210000,210000
2022-05,CBi-PROVIDER-65,Bolt Technology OÜ,70,Consumer discretionary,Mercy Corps [NGO],1,1,spending,CBi-ACTIVITY-116,262500,262500
2022-05,CBi-PROVIDER-65,Bolt Technology OÜ,70,Consumer discretionary,Ministry of Social Policy of Ukraine [government],1,1,spending,CBi-ACTIVITY-117,420000,420000
2022-05,CBi-PROVIDER-65,Bolt Technology OÜ,70,Consumer discretionary,Mondo MTÜ [NGO],1,1,spending,CBi-ACTIVITY-118,262500,262500
2022-05,CBi-PROVIDER-65,Bolt Technology OÜ,70,Consumer discretionary,MTÜ Eesti Pagulasabi [NGO],1,1,spending,CBi-ACTIVITY-119,262500,262500
2022-05,CBi-PROVIDER-65,Bolt Technology OÜ,70,Consumer discretionary,MTÜ Ukraina Kultuurikeskus [NGO],1,1,spending,CBi-ACTIVITY-120,787500,787500
2022-05,CBi-PROVIDER-65,Bolt Technology OÜ,70,Consumer discretionary,Päästeliit [NGO],1,1,spending,CBi-ACTIVITY-121,262500,262500
2022-05,CBi-PROVIDER-65,Bolt Technology OÜ,70,Consumer discretionary,Polish Humanitarian Action [NGO],1,1,spending,CBi-ACTIVITY-122,105000,105000
2022-05,CBi-PROVIDER-65,Bolt Technology OÜ,70,Consumer discretionary,Polish Red Cross,1,1,spending,CBi-ACTIVITY-123,315000,315000
2022-05,CBi-PROVIDER-65,Bolt Technology OÜ,70,Consumer discretionary,President Kaljulaid Foundation MTÜ [NGO],1,1,spending,CBi-ACTIVITY-124,31500,31500
2022-05,CBi-PROVIDER-65,Bolt Technology OÜ,70,Consumer discretionary,Refugee Support Europe [NGO],1,1,spending,CBi-ACTIVITY-125,10500,10500
2022-05,CBi-PROVIDER-65,Bolt Technology OÜ,70,Consumer discretionary,Riigikaitse Edendamise Sihtasutus [NGO],1,1,spending,CBi-ACTIVITY-126,262500,262500
2022-05,CBi-PROVIDER-65,Bolt Technology OÜ,70,Consumer discretionary,Rotary Klubi Tallinn Vanalinn [NGO],1,1,spending,CBi-ACTIVITY-127,78750,78750
2022-05,CBi-PROVIDER-65,Bolt Technology OÜ,70,Consumer discretionary,Ukraina Kreeka-Katoliku Kiriku Kogudus Tallinnas,1,1,spending,CBi-ACTIVITY-128,105000,105000
2022-05,CBi-PROVIDER-65,Bolt Technology OÜ,70,Consumer discretionary,United Nations Children's Fund (UNICEF) Poland,1,1,spending,CBi-ACTIVITY-129,525000,525000
2022-05,CBi-PROVIDER-65,Bolt Technology OÜ,70,Consumer discretionary,United Nations High Commissioner for Refugees (UNHCR) Nigeria,1,1,spending,CBi-ACTIVITY-130,1050000,1050000
2022-05,CBi-PROVIDER-65,Bolt Technology OÜ,70,Consumer discretionary,War Child [NGO],1,1,spending,CBi-ACTIVITY-131,105000,105000
2022-05,CBi-PROVIDER-66,Bombardier Inc.,70,Industrials,Canadian Red Cross Society,1,1,commitments,CBi-ACTIVITY-132,150000,150000
2022-05,CBi-PROVIDER-67,Booz-Allen & Hamilton,70,Financials,CARE International [NGO],1,1,commitments,CBi-ACTIVITY-133,100000,100000
2022-05,CBi-PROVIDER-68,Boston Consulting Group,70,Financials,World Food Programme (WFP),1,1,spending,CBi-ACTIVITY-134,48025,48025
2022-05,CBi-PROVIDER-69,BP plc,70,Energy,[multiple or not specified],1,1,commitments,CBi-ACTIVITY-135,5000000,5000000
2022-05,CBi-PROVIDER-69,BP plc,70,Energy,[multiple or not specified],1,1,commitments,CBi-ACTIVITY-136,5000000,5000000
2022-05,CBi-PROVIDER-69,BP plc,70,Energy,International Committee of the Red Cross (ICRC),1,1,commitments,CBi-ACTIVITY-137,5000000,5000000
2022-05,CBi-PROVIDER-69,BP plc,70,Energy,United Nations Children's Fund (UNICEF),1,1,commitments,CBi-ACTIVITY-138,5000000,5000000
2022-05,CBi-PROVIDER-70,Bridgestone Corporation,70,Industrials,[multiple or not specified],1,1,commitments,CBi-ACTIVITY-139,3550000,3550000
2022-05,CBi-PROVIDER-70,Bridgestone Corporation,70,Industrials,International Committee of the Red Cross (ICRC),1,1,commitments,CBi-ACTIVITY-140,250000,250000
2022-05,CBi-PROVIDER-71,Bristol Myers Squibb,70,Health care,[multiple or not specified],1,1,commitments,CBi-ACTIVITY-141,1000000,1000000
2022-05,CBi-PROVIDER-72,Burger King,70,Consumer discretionary,[multiple or not specified],1,1,commitments,CBi-ACTIVITY-142,2000000,2000000
2022-05,CBi-PROVIDER-72,Burger King,70,Consumer discretionary,United Nations High Commissioner for Refugees (UNHCR),1,1,commitments,CBi-ACTIVITY-143,1000000,1000000
2022-05,CBi-PROVIDER-73,Camlog Biotechnologies GmbH,70,Health care,International Federation of Red Cross and Red Crescent Societies (IFRC),1,1,spending,CBi-ACTIVITY-144,10807,10807
2022-05,CBi-PROVIDER-74,Canada Goose,70,Consumer discretionary,United Nations High Commissioner for Refugees (UNHCR),1,1,commitments,CBi-ACTIVITY-145,79193,79193
2022-05,CBi-PROVIDER-75,Canadian Imperial Bank of Commerce,70,Financials,Canada-Ukraine Foundation [NGO],1,1,commitments,CBi-ACTIVITY-146,79000,79000
2022-05,CBi-PROVIDER-75,Canadian Imperial Bank of Commerce,70,Financials,Canadian Red Cross Society,1,1,commitments,CBi-ACTIVITY-147,39500,39500
2022-05,CBi-PROVIDER-75,Canadian Imperial Bank of Commerce,70,Financials,Canadian Ukrainian Immigrant Aid Society [NGO],1,1,commitments,CBi-ACTIVITY-148,79000,79000
2022-05,CBi-PROVIDER-75,Canadian Imperial Bank of Commerce,70,Financials,Talent Beyond Boundaries [NGO],1,1,commitments,CBi-ACTIVITY-149,79000,79000
2022-05,CBi-PROVIDER-75,Canadian Imperial Bank of Commerce,70,Financials,United Nations Children's Fund (UNICEF) Canada,1,1,commitments,CBi-ACTIVITY-150,79000,79000
2022-05,CBi-PROVIDER-75,Canadian Imperial Bank of Commerce,70,Financials,United Nations High Commissioner for Refugees (UNHCR),1,1,commitments,CBi-ACTIVITY-151,39500,39500
2022-05,CBi-PROVIDER-76,Canadian Pacific Railway,70,Industrials,Canadian Red Cross Society,1,1,commitments,CBi-ACTIVITY-152,399145,399145
2022-05,CBi-PROVIDER-77,Cargolux,70,Industrials,[multiple or not specified],1,1,commitments,CBi-ACTIVITY-153,1090000,1090000
2022-05,CBi-PROVIDER-77,Cargolux,70,Industrials,Médecins Sans Frontières (MSF) [NGO],1,1,commitments,CBi-ACTIVITY-154,545000,545000
2022-05,CBi-PROVIDER-77,Cargolux,70,Industrials,United Nations Children's Fund (UNICEF),1,1,commitments,CBi-ACTIVITY-155,1090000,1090000
2022-05,CBi-PROVIDER-77,Cargolux,70,Industrials,United Nations High Commissioner for Refugees (UNHCR),1,1,spending,CBi-ACTIVITY-156,1123596,1123596
2022-05,CBi-PROVIDER-78,Carlsberg A/S,70,Consumer discretionary,[multiple or not specified],1,1,commitments,CBi-ACTIVITY-157,731127,731127
2022-05,CBi-PROVIDER-78,Carlsberg A/S,70,Consumer discretionary,Danish Red Cross,1,1,commitments,CBi-ACTIVITY-158,1462255,1462255
2022-05,CBi-PROVIDER-78,Carlsberg A/S,70,Consumer discretionary,Danish Refugee Council [NGO],1,1,commitments,CBi-ACTIVITY-159,731127,731127
2022-05,CBi-PROVIDER-78,Carlsberg A/S,70,Consumer discretionary,United Nations High Commissioner for Refugees (UNHCR),1,1,commitments,CBi-ACTIVITY-160,731127,731127
2022-05,CBi-PROVIDER-79,CD PROJEKT Group,70,Consumer discretionary,Polish Humanitarian Action [NGO],1,1,commitments,CBi-ACTIVITY-161,240389,240389
2022-05,CBi-PROVIDER-80,Chapman and Cutler LLP,70,Financials,Ukraine Humanitarian Fund (UHF),1,1,spending,CBi-ACTIVITY-162,10000,10000
2022-05,CBi-PROVIDER-81,"Chegg, Inc.",70,Consumer discretionary,GoFundMe.org Stand With Ukraine Fund,1,1,spending,CBi-ACTIVITY-163,100000,100000
2022-05,CBi-PROVIDER-82,Chellaram Foundation,70,Industrials,World Food Programme (WFP),1,1,spending,CBi-ACTIVITY-164,500000,500000
2022-05,CBi-PROVIDER-83,Chesapeake Energy,70,Energy,[multiple or not specified],1,1,commitments,CBi-ACTIVITY-165,5000000,5000000
2022-05,CBi-PROVIDER-84,Chiesi Farmaceutici S.p.A,70,Health care,[multiple or not specified],1,1,commitments,CBi-ACTIVITY-166,1581780,1581780
2022-05,CBi-PROVIDER-85,Chubb Limited,70,Financials,Project Hope [NGO],1,1,commitments,CBi-ACTIVITY-167,1000000,1000000
2022-05,CBi-PROVIDER-86,Circle K,70,Consumer staples,International Federation of Red Cross and Red Crescent Societies (IFRC),1,1,spending,CBi-ACTIVITY-168,1070159,1070159
2022-05,CBi-PROVIDER-87,"Cisco Systems, Inc.",70,Information technology,[multiple or not specified],1,1,commitments,CBi-ACTIVITY-169,1000000,1000000
2022-05,CBi-PROVIDER-87,"Cisco Systems, Inc.",70,Information technology,[multiple or not specified],1,1,commitments,CBi-ACTIVITY-170,3000000,3000000
2022-05,CBi-PROVIDER-87,"Cisco Systems, Inc.",70,Information technology,International Federation of Red Cross and Red Crescent Societies (IFRC),1,1,spending,CBi-ACTIVITY-171,8421,8421
2022-05,CBi-PROVIDER-88,"Civitas Resources, Inc.",70,Energy,[multiple or not specified],1,1,commitments,CBi-ACTIVITY-172,10000000,10000000
2022-05,CBi-PROVIDER-89,Clorox Company,70,Consumer staples,American Red Cross,1,1,commitments,CBi-ACTIVITY-173,100000,100000
2022-05,CBi-PROVIDER-90,CNH Industrial International SA,70,Industrials,International Federation of Red Cross and Red Crescent Societies (IFRC),1,1,spending,CBi-ACTIVITY-174,368397,368397
2022-05,CBi-PROVIDER-91,Coca-Cola Europacific Partners plc,70,Consumer staples,International Federation of Red Cross and Red Crescent Societies (IFRC),1,1,spending,CBi-ACTIVITY-175,213982,213982
2022-05,CBi-PROVIDER-92,Collette Travel Services,70,Consumer discretionary,[multiple or not specified],1,1,commitments,CBi-ACTIVITY-176,200000,200000
2022-05,CBi-PROVIDER-93,Columbia Sportswear,70,Consumer discretionary,Ukraine Humanitarian Fund (UHF),1,1,commitments,CBi-ACTIVITY-177,25000,25000
2022-05,CBi-PROVIDER-94,ConocoPhillips,70,Energy,American Red Cross,1,1,spending,CBi-ACTIVITY-178,1000000,1000000
2022-05,CBi-PROVIDER-94,ConocoPhillips,70,Energy,United Nations Children's Fund (UNICEF),1,1,spending,CBi-ACTIVITY-179,1000000,1000000
2022-05,CBi-PROVIDER-95,Continental Development Corporation,70,Real estate,GlobalGiving [NGO],1,1,commitments,CBi-ACTIVITY-180,10000,10000
2022-05,CBi-PROVIDER-96,Coyote Logistics,70,Industrials,International Federation of Red Cross and Red Crescent Societies (IFRC),1,1,spending,CBi-ACTIVITY-181,5036,5036
2022-05,CBi-PROVIDER-97,Crankstart Foundation,70,Financials,Ukraine Humanitarian Fund (UHF),1,1,commitments,CBi-ACTIVITY-182,1000000,1000000
2022-05,CBi-PROVIDER-98,Cra-Z-Art,70,Consumer discretionary,The Toy Foundation [NGO],1,1,commitments,CBi-ACTIVITY-183,250000,250000
2022-05,CBi-PROVIDER-99,CropLife Europe,70,Consumer staples,World Food Programme (WFP),1,1,spending,CBi-ACTIVITY-184,328587,328587
2022-05,CBi-PROVIDER-100,Crush Music,70,Consumer discretionary,GlobalGiving [NGO],1,1,commitments,CBi-ACTIVITY-185,25000,25000
2022-05,CBi-PROVIDER-101,CSL Behring,70,Health care,[multiple or not specified],1,1,commitments,CBi-ACTIVITY-186,1729056,1729056
2022-05,CBi-PROVIDER-102,CTP,70,Real estate,United Nations High Commissioner for Refugees (UNHCR),1,1,spending,CBi-ACTIVITY-187,10952903,10952903
2022-05,CBi-PROVIDER-103,Currency.com,70,Financials,ASAP Rescue [NGO],1,1,commitments,CBi-ACTIVITY-188,200000,200000
2022-05,CBi-PROVIDER-103,Currency.com,70,Financials,GlobalGiving [NGO],1,1,commitments,CBi-ACTIVITY-189,300000,300000
2022-05,CBi-PROVIDER-103,Currency.com,70,Financials,Ukrainian Red Cross Society,1,1,commitments,CBi-ACTIVITY-190,500000,500000
2022-05,CBi-PROVIDER-104,CVC,70,Financials,International Federation of Red Cross and Red Crescent Societies (IFRC),1,1,spending,CBi-ACTIVITY-191,264644,264644
2022-05,CBi-PROVIDER-105,Cytel Inc.,70,Health care,International Federation of Red Cross and Red Crescent Societies (IFRC),1,1,spending,CBi-ACTIVITY-192,15239,15239
2022-05,CBi-PROVIDER-106,Czapek & Cie SA,70,Consumer discretionary,International Federation of Red Cross and Red Crescent Societies (IFRC),1,1,spending,CBi-ACTIVITY-193,21615,21615
2022-05,CBi-PROVIDER-107,"Daiichi Sankyo Company, Limited",70,Health care,United Nations Children's Fund (UNICEF),1,1,commitments,CBi-ACTIVITY-194,1000000,1000000
2022-05,CBi-PROVIDER-108,Daily Mail and General Trust,70,Communications services,British Red Cross Society ,1,1,commitments,CBi-ACTIVITY-195,660000,660000
2022-05,CBi-PROVIDER-109,Danone S.A.,70,Consumer staples,International Federation of Red Cross and Red Crescent Societies (IFRC),1,1,spending,CBi-ACTIVITY-196,557334,557334
2022-05,CBi-PROVIDER-110,Decathlon,70,Consumer Discretionary,[multiple or not specified],1,1,commitments,CBi-ACTIVITY-197,1068501,1068501
2022-05,CBi-PROVIDER-110,Decathlon,70,Consumer Discretionary,[multiple or not specified],1,1,commitments,CBi-ACTIVITY-198,2778102,2778102
2022-05,CBi-PROVIDER-111,Delta Air Lines,70,Industrials,American Red Cross,1,1,commitments,CBi-ACTIVITY-199,1000000,1000000
2022-05,CBi-PROVIDER-111,Delta Air Lines,70,Industrials,United Nations High Commissioner for Refugees (UNHCR),1,1,commitments,CBi-ACTIVITY-200,100000,100000
2022-05,CBi-PROVIDER-112,Dentsu Inc.,70,Communications services,[multiple or not specified],1,1,commitments,CBi-ACTIVITY-201,844600,844600
2022-05,CBi-PROVIDER-112,Dentsu Inc.,70,Communications services,Ukrainian Red Cross Society,1,1,commitments,CBi-ACTIVITY-202,275000,275000
2022-05,CBi-PROVIDER-113,Derald H. Ruttenberg Foundation,70,Industrials,Ukraine Humanitarian Fund (UHF),1,1,spending,CBi-ACTIVITY-203,61289,61289
2022-05,CBi-PROVIDER-114,Devon Energy,70,Energy,[multiple or not specified],1,1,commitments,CBi-ACTIVITY-204,20000000,20000000
2022-05,CBi-PROVIDER-115,Diageo,70,Consumer discretionary,International Federation of Red Cross and Red Crescent Societies (IFRC),1,1,spending,CBi-ACTIVITY-205,1055887,1055887
2022-05,CBi-PROVIDER-116,"Diamondback Energy, Inc.",70,Energy,[multiple or not specified],1,1,commitments,CBi-ACTIVITY-206,10000000,10000000
2022-05,CBi-PROVIDER-117,DiaSorin,70,Health care,International Federation of Red Cross and Red Crescent Societies (IFRC),1,1,spending,CBi-ACTIVITY-207,12202,12202
2022-05,CBi-PROVIDER-118,"DocuSign, Inc.",70,Information technology,[multiple or not specified],1,1,commitments,CBi-ACTIVITY-208,40000,40000
2022-05,CBi-PROVIDER-119,Don't Nod Entertainment SA,70,Consumer discretionary,Ukrainian Red Cross Society,1,1,commitments,CBi-ACTIVITY-209,32700,32700
2022-05,CBi-PROVIDER-120,Door County Candle Company,70,Consumer discretionary,Razom [NGO],1,1,commitments,CBi-ACTIVITY-210,125000,125000
2022-05,CBi-PROVIDER-121,Dow Chemical Company,70,Industrials,CAF America [NGO],1,1,commitments,CBi-ACTIVITY-211,275000,275000
2022-05,CBi-PROVIDER-121,Dow Chemical Company,70,Industrials,International Federation of Red Cross and Red Crescent Societies (IFRC),1,1,spending,CBi-ACTIVITY-212,85954,85954
2022-05,CBi-PROVIDER-122,Drax Group PLC,70,Energy,Disasters Emergency Committee (DEC) [NGO],1,1,commitments,CBi-ACTIVITY-213,370000,370000
2022-05,CBi-PROVIDER-123,DST Global,70,Financials,GoFundMe.org Stand With Ukraine Fund,1,1,spending,CBi-ACTIVITY-214,3500000,3500000
2022-05,CBi-PROVIDER-124,Dunamu Inc.,70,Financials,World Food Programme (WFP),1,1,spending,CBi-ACTIVITY-215,811833,811833
2022-05,CBi-PROVIDER-125,Dupont,70,Materials,International Committee of the Red Cross (ICRC),1,1,commitments,CBi-ACTIVITY-216,200000,200000
2022-05,CBi-PROVIDER-126,"Eisai Co., Ltd.",70,Health care,[multiple or not specified],1,1,commitments,CBi-ACTIVITY-217,122902,122902
2022-05,CBi-PROVIDER-127,Eli Lilly and Company,70,Health care,Direct Relief [NGO],1,1,commitments,CBi-ACTIVITY-218,1800000,1800000
2022-05,CBi-PROVIDER-127,Eli Lilly and Company,70,Health care,Project Hope [NGO],1,1,commitments,CBi-ACTIVITY-219,7500000,7500000
2022-05,CBi-PROVIDER-128,Eli Lilly and Company Foundation,70,Health care,Americares [NGO],1,1,commitments,CBi-ACTIVITY-220,250000,250000
2022-05,CBi-PROVIDER-128,Eli Lilly and Company Foundation,70,Health care,Direct Relief [NGO],1,1,commitments,CBi-ACTIVITY-221,250000,250000
2022-05,CBi-PROVIDER-129,Embracer Group,70,Consumer discretionary,[multiple or not specified],1,1,commitments,CBi-ACTIVITY-222,5000000,5000000
2022-05,CBi-PROVIDER-130,Epic Games,70,Consumer discretionary,[multiple or not specified],1,1,spending,CBi-ACTIVITY-223,117125856,117125856
2022-05,CBi-PROVIDER-130,Epic Games,70,Consumer discretionary,World Food Programme (WFP),1,1,spending,CBi-ACTIVITY-224,26874144,26874144
2022-05,CBi-PROVIDER-131,ERSTE Foundation,70,Financials,[multiple or not specified],1,1,commitments,CBi-ACTIVITY-225,1085800,1085800
2022-05,CBi-PROVIDER-132,"Esmark, Inc.",70,Industrials,City of Košice,1,1,commitments,CBi-ACTIVITY-226,25000,25000
2022-05,CBi-PROVIDER-133,Eurofins Scientific Foundation,70,Health care,International Federation of Red Cross and Red Crescent Societies (IFRC),1,1,spending,CBi-ACTIVITY-227,27320,27320
2022-05,CBi-PROVIDER-134,Eurol Foundation,70,Materials,Giro555 [NGO],1,1,commitments,CBi-ACTIVITY-228,8175,8175
2022-05,CBi-PROVIDER-135,Exor NV,70,Industrials,International Federation of Red Cross and Red Crescent Societies (IFRC),1,1,spending,CBi-ACTIVITY-229,1073247,1073247
2022-05,CBi-PROVIDER-136,ExxonMobil,70,Energy,[multiple or not specified],1,1,commitments,CBi-ACTIVITY-230,1500000,1500000
2022-05,CBi-PROVIDER-136,ExxonMobil,70,Energy,American Red Cross,1,1,commitments,CBi-ACTIVITY-231,5000000,5000000
2022-05,CBi-PROVIDER-136,ExxonMobil,70,Energy,Counterpart International [NGO],1,1,commitments,CBi-ACTIVITY-232,250000,250000
2022-05,CBi-PROVIDER-136,ExxonMobil,70,Energy,International Medical Corps (IMC) [NGO],1,1,commitments,CBi-ACTIVITY-233,2250000,2250000
2022-05,CBi-PROVIDER-136,ExxonMobil,70,Energy,Project Hope [NGO],1,1,commitments,CBi-ACTIVITY-234,1000000,1000000
2022-05,CBi-PROVIDER-137,Fashion Institute of Design & Merchandising,70,Consumer discretionary,Mission of Mercy [NGO],1,1,commitments,CBi-ACTIVITY-235,298000,298000
2022-05,CBi-PROVIDER-138,"Fast Retailing Co., Ltd.",70,Consumer discretionary,United Nations High Commissioner for Refugees (UNHCR),1,1,commitments,CBi-ACTIVITY-236,10000000,10000000
2022-05,CBi-PROVIDER-139,Federation Internationale de l'Automobile,70,Industrials,International Federation of Red Cross and Red Crescent Societies (IFRC),1,1,spending,CBi-ACTIVITY-237,531711,531711
2022-05,CBi-PROVIDER-140,Fédération nationale des Caisses d’Epargne,70,Financials,French Red Cross,1,1,commitments,CBi-ACTIVITY-238,1628700,1628700
2022-05,CBi-PROVIDER-140,Fédération nationale des Caisses d’Epargne,70,Financials,Groupe Habitat en Région [NGO],1,1,commitments,CBi-ACTIVITY-239,1954440,1954440
2022-05,CBi-PROVIDER-141,Federation of the European Sporting Goods Industry,70,Consumer discretionary,Ukraine Humanitarian Fund (UHF),1,1,commitments,CBi-ACTIVITY-240,10000,10000
2022-05,CBi-PROVIDER-142,Ferrari s.P.A.,70,Industrials,[multiple or not specified],1,1,commitments,CBi-ACTIVITY-241,1068501,1068501
2022-05,CBi-PROVIDER-143,Fidelity Investments Inc.,70,Financials,International Federation of Red Cross and Red Crescent Societies (IFRC),1,1,spending,CBi-ACTIVITY-242,93432,93432
2022-05,CBi-PROVIDER-143,Fidelity Investments Inc.,70,Financials,Ukraine Humanitarian Fund (UHF),1,1,spending,CBi-ACTIVITY-243,52850,52850
2022-05,CBi-PROVIDER-144,Fondation CHANEL,70,Consumer discretionary,[multiple or not specified],1,1,commitments,CBi-ACTIVITY-244,2177020,2177020
2022-05,CBi-PROVIDER-145,Fondation Egis,70,Real estate,Agency for Technical Cooperation and Development (ACTED) [NGO],1,1,commitments,CBi-ACTIVITY-245,108554,108554
2022-05,CBi-PROVIDER-146,Fondation Groupe Pierre & Vacances-Center Parcs,70,Consumer discretionary,SOS Children's Villages [NGO],1,1,commitments,CBi-ACTIVITY-246,162968,162968
2022-05,CBi-PROVIDER-147,Fondation Orange,70,Communications services,[multiple or not specified],1,1,commitments,CBi-ACTIVITY-247,1088550,1088550
2022-05,CBi-PROVIDER-148,Fondation RAJA-Danièle Marcovici,70,Materials,Centrum Praw Kobiet [NGO],1,1,commitments,CBi-ACTIVITY-248,54277,54277
2022-05,CBi-PROVIDER-149,Fondazione Cariplo,70,Financials,[multiple or not specified],1,1,commitments,CBi-ACTIVITY-249,3701022,3701022
2022-05,CBi-PROVIDER-150,Fondazione Generali,70,Financials,United Nations Children's Fund (UNICEF),1,1,commitments,CBi-ACTIVITY-250,1085800,1085800
2022-05,CBi-PROVIDER-151,Forada Limited,70,Financials,Ukraine Humanitarian Fund (UHF),1,1,commitments,CBi-ACTIVITY-251,25000,25000
2022-05,CBi-PROVIDER-152,Ford Motor Company Fund,70,Consumer discretionary,GlobalGiving [NGO],1,1,commitments,CBi-ACTIVITY-252,100000,100000
2022-05,CBi-PROVIDER-153,Fortum Oyj,70,Utilities,International Federation of Red Cross and Red Crescent Societies (IFRC),1,1,spending,CBi-ACTIVITY-253,223091,223091
2022-05,CBi-PROVIDER-154,FOX Corporation,70,Communications services,Ukrainian Red Cross Society,1,1,commitments,CBi-ACTIVITY-254,13533377,13533377
2022-05,CBi-PROVIDER-155,FreeWill Co.,70,Financials,Ukraine Humanitarian Fund (UHF),1,1,commitments,CBi-ACTIVITY-255,10800,10800
2022-05,CBi-PROVIDER-156,Fujitsu Group,70,Consumer discretionary,United Nations High Commissioner for Refugees (UNHCR),1,1,commitments,CBi-ACTIVITY-256,1000000,1000000
2022-05,CBi-PROVIDER-157,Fuller Giving Foundation,70,Financials,Canadian Red Cross Society,1,1,commitments,CBi-ACTIVITY-257,10000,10000
2022-05,CBi-PROVIDER-158,"Fundación ""la Caixa""",70,Financials,Ukrainian Red Cross Society,1,1,commitments,CBi-ACTIVITY-258,1649490,1649490
2022-05,CBi-PROVIDER-159,Fundación A.M.A.,70,Financials,Fundación Mensajeros por la Paz [NGO],1,1,commitments,CBi-ACTIVITY-259,1090000,1090000
2022-05,CBi-PROVIDER-160,Fundación Aon España,70,Utilities,Spanish Red Cross,1,1,commitments,CBi-ACTIVITY-260,21800,21800
2022-05,CBi-PROVIDER-161,Fundacion MAPFRE,70,Financials,Fundación Mensajeros por la Paz [NGO],1,1,commitments,CBi-ACTIVITY-261,76300,76300
2022-05,CBi-PROVIDER-162,Ganni,70,Consumer discretionary,Danish Refugee Council [NGO],1,1,commitments,CBi-ACTIVITY-262,14700,14700
2022-05,CBi-PROVIDER-163,GE Foundation,70,Industrials,"Airlink, Inc. [NGO]",1,1,spending,CBi-ACTIVITY-263,100000,100000
2022-05,CBi-PROVIDER-163,GE Foundation,70,Industrials,International Rescue Committee (IRC) [NGO],1,1,spending,CBi-ACTIVITY-264,400000,400000
2022-05,CBi-PROVIDER-164,GE Healthcare,70,Industrials,Ministry of Health of Ukraine [government],1,1,spending,CBi-ACTIVITY-265,4000000,4000000
2022-05,CBi-PROVIDER-165,General Motors,70,Consumer discretionary,International Rescue Committee (IRC) [NGO],1,1,commitments,CBi-ACTIVITY-266,250000,250000
2022-05,CBi-PROVIDER-166,Gilead Foundation,70,Health care,[multiple or not specified],1,1,commitments,CBi-ACTIVITY-267,3700000,3700000
2022-05,CBi-PROVIDER-167,GlaxoSmithKline plc,70,Consumer staples,Crown Agents [NGO],1,1,commitments,CBi-ACTIVITY-268,325654,325654
2022-05,CBi-PROVIDER-167,GlaxoSmithKline plc,70,Consumer staples,International Committee of the Red Cross (ICRC),1,1,commitments,CBi-ACTIVITY-269,3960000,3960000
2022-05,CBi-PROVIDER-167,GlaxoSmithKline plc,70,Consumer staples,Save the Children [NGO],1,1,commitments,CBi-ACTIVITY-270,325654,325654
2022-05,CBi-PROVIDER-168,Global Star Logistics,70,Industrials,Ukraine Humanitarian Fund (UHF),1,1,commitments,CBi-ACTIVITY-271,1000,1000
2022-05,CBi-PROVIDER-169,Google,70,Information technology,[multiple or not specified],1,1,commitments,CBi-ACTIVITY-272,13200000,13200000
2022-05,CBi-PROVIDER-170,Google.org,70,Information technology,[multiple or not specified],1,1,commitments,CBi-ACTIVITY-273,5000000,5000000
2022-05,CBi-PROVIDER-170,Google.org,70,Information technology,[multiple or not specified],1,1,commitments,CBi-ACTIVITY-274,14522233,14522233
2022-05,CBi-PROVIDER-170,Google.org,70,Information technology,Polish Center for International Aid Foundation [NGO],1,1,commitments,CBi-ACTIVITY-275,2600000,2600000
2022-05,CBi-PROVIDER-170,Google.org,70,Information technology,The Association for Legal Intervention [NGO],1,1,commitments,CBi-ACTIVITY-276,1000000,1000000
2022-05,CBi-PROVIDER-170,Google.org,70,Information technology,World Food Programme (WFP),1,1,spending,CBi-ACTIVITY-277,877767,877767
2022-05,CBi-PROVIDER-171,Grammarly Inc.,70,Information technology,[multiple or not specified],1,1,commitments,CBi-ACTIVITY-278,5000000,5000000
2022-05,CBi-PROVIDER-172,Group 1001 Resources,70,Financials,Ukraine Humanitarian Fund (UHF),1,1,spending,CBi-ACTIVITY-279,20000,20000
2022-05,CBi-PROVIDER-173,Groupe BPCE,70,Financials,French Red Cross,1,1,commitments,CBi-ACTIVITY-280,5429000,5429000
2022-05,CBi-PROVIDER-174,Groupe Caisse d'épargne,70,Financials,French Red Cross,1,1,commitments,CBi-ACTIVITY-281,1631224,1631224
2022-05,CBi-PROVIDER-175,Groupe Crédit Agricole,70,Financials,[multiple or not specified],1,1,commitments,CBi-ACTIVITY-282,10858000,10858000
2022-05,CBi-PROVIDER-176,Grünenthal,70,Health care,[multiple or not specified],1,1,commitments,CBi-ACTIVITY-283,421842,421842
2022-05,CBi-PROVIDER-177,Gucci,70,Consumer discretionary,United Nations High Commissioner for Refugees (UNHCR),1,1,commitments,CBi-ACTIVITY-284,500000,500000
2022-05,CBi-PROVIDER-178,H&M Hennes & Mauritz AB,70,Consumer discretionary,United Nations High Commissioner for Refugees (UNHCR),1,1,spending,CBi-ACTIVITY-285,930684,930684
2022-05,CBi-PROVIDER-179,H. Lundbeck A/S,70,Health care,Danish Red Cross,1,1,commitments,CBi-ACTIVITY-286,1500000,1500000
2022-05,CBi-PROVIDER-180,Heartland,70,Consumer discretionary,[multiple or not specified],1,1,commitments,CBi-ACTIVITY-287,10258668,10258668
2022-05,CBi-PROVIDER-180,Heartland,70,Consumer discretionary,Danish Red Cross,1,1,commitments,CBi-ACTIVITY-288,1465524,1465524
2022-05,CBi-PROVIDER-180,Heartland,70,Consumer discretionary,United Nations Children's Fund (UNICEF),1,1,commitments,CBi-ACTIVITY-289,1465524,1465524
2022-05,CBi-PROVIDER-180,Heartland,70,Consumer discretionary,United Nations High Commissioner for Refugees (UNHCR),1,1,commitments,CBi-ACTIVITY-290,1465524,1465524
2022-05,CBi-PROVIDER-181,Helly Hansen,70,Consumer discretionary,Canadian Red Cross Society,1,1,commitments,CBi-ACTIVITY-291,158000,158000
2022-05,CBi-PROVIDER-182,HELP Logistics,70,Industrials,World Food Programme (WFP),1,1,spending,CBi-ACTIVITY-292,500000,500000
2022-05,CBi-PROVIDER-183,Hendrick Automotive,70,Consumer discretionary,Samaritan’s Purse [NGO],1,1,commitments,CBi-ACTIVITY-293,200000,200000
2022-05,CBi-PROVIDER-184,Hilco Global,70,Financials,Sunflower of Peace [NGO],1,1,commitments,CBi-ACTIVITY-294,37500,37500
2022-05,CBi-PROVIDER-184,Hilco Global,70,Financials,United Help Ukraine [NGO],1,1,commitments,CBi-ACTIVITY-295,37500,37500
2022-05,CBi-PROVIDER-185,"Hitachi Astemo, Ltd.",70,Consumer discretionary,Japanese Red Cross Society,1,1,spending,CBi-ACTIVITY-296,78753,78753
2022-05,CBi-PROVIDER-186,"Hitachi, Ltd.",70,Consumer discretionary,American Red Cross,1,1,spending,CBi-ACTIVITY-297,236255,236255
2022-05,CBi-PROVIDER-186,"Hitachi, Ltd.",70,Consumer discretionary,International Committee of the Red Cross (ICRC),1,1,spending,CBi-ACTIVITY-298,126002,126002
2022-05,CBi-PROVIDER-186,"Hitachi, Ltd.",70,Consumer discretionary,Japanese Red Cross Society,1,1,spending,CBi-ACTIVITY-299,1340807,1340807
2022-05,CBi-PROVIDER-186,"Hitachi, Ltd.",70,Consumer discretionary,Singapore Red Cross Society,1,1,spending,CBi-ACTIVITY-300,35438,35438
2022-05,CBi-PROVIDER-186,"Hitachi, Ltd.",70,Consumer discretionary,United Nations Children's Fund (UNICEF) Japan Committee,1,1,spending,CBi-ACTIVITY-301,1340807,1340807
2022-05,CBi-PROVIDER-186,"Hitachi, Ltd.",70,Consumer discretionary,United Nations Children's Fund (UNICEF) USA,1,1,spending,CBi-ACTIVITY-302,66939,66939
2022-05,CBi-PROVIDER-186,"Hitachi, Ltd.",70,Consumer discretionary,World Central Kitchen [NGO],1,1,spending,CBi-ACTIVITY-303,15750,15750
2022-05,CBi-PROVIDER-187,Home Capital Group,70,Financials,Canadian Red Cross Society,1,1,commitments,CBi-ACTIVITY-304,39500,39500
2022-05,CBi-PROVIDER-188,Hotel Engine,70,Consumer discretionary,World Food Programme (WFP),1,1,commitments,CBi-ACTIVITY-305,35200,35200
2022-05,CBi-PROVIDER-189,"Humble Bundle, Inc.",70,Consumer discretionary,[multiple or not specified],1,1,commitments,CBi-ACTIVITY-306,20817220,20817220
2022-05,CBi-PROVIDER-190,Hyundai Motor Company,70,Consumer discretionary,International Committee of the Red Cross (ICRC),1,1,commitments,CBi-ACTIVITY-307,1000000,1000000
2022-05,CBi-PROVIDER-191,IBM,70,Information technology,People in Need [NGO],1,1,commitments,CBi-ACTIVITY-308,250000,250000
2022-05,CBi-PROVIDER-191,IBM,70,Information technology,Polish Humanitarian Action [NGO],1,1,commitments,CBi-ACTIVITY-309,250000,250000
2022-05,CBi-PROVIDER-192,Iceland Foods Charitable Foundation,70,Consumer staples,British Red Cross Society ,1,1,commitments,CBi-ACTIVITY-310,198000,198000
2022-05,CBi-PROVIDER-193,ICR Touch,70,Information technology,Disasters Emergency Committee (DEC) [NGO],1,1,commitments,CBi-ACTIVITY-311,26440,26440
2022-05,CBi-PROVIDER-194,Ikea Foundation,70,Consumer discretionary,Médecins Sans Frontières (MSF) [NGO],1,1,commitments,CBi-ACTIVITY-312,5500000,5500000
2022-05,CBi-PROVIDER-194,Ikea Foundation,70,Consumer discretionary,United Nations High Commissioner for Refugees (UNHCR),1,1,spending,CBi-ACTIVITY-313,22471910,22471910
2022-05,CBi-PROVIDER-195,INFICON Holding AG,70,Industrials,International Federation of Red Cross and Red Crescent Societies (IFRC),1,1,spending,CBi-ACTIVITY-314,27019,27019
2022-05,CBi-PROVIDER-196,Inflexion Foundation,70,Financials,British Red Cross Society ,1,1,commitments,CBi-ACTIVITY-315,654000,654000
2022-05,CBi-PROVIDER-197,Ingersoll Rand Inc.,70,Industrials,World Food Programme (WFP),1,1,spending,CBi-ACTIVITY-316,242500,242500
2022-05,CBi-PROVIDER-198,Intel Foundation,70,Industrials,American Red Cross,1,1,spending,CBi-ACTIVITY-317,350000,350000
2022-05,CBi-PROVIDER-198,Intel Foundation,70,Industrials,Geeks Without Frontiers [NGO],1,1,spending,CBi-ACTIVITY-318,500000,500000
2022-05,CBi-PROVIDER-198,Intel Foundation,70,Industrials,GlobalGiving [NGO],1,1,spending,CBi-ACTIVITY-319,560000,560000
2022-05,CBi-PROVIDER-198,Intel Foundation,70,Industrials,United Nations Children's Fund (UNICEF) USA,1,1,spending,CBi-ACTIVITY-320,540000,540000
2022-05,CBi-PROVIDER-198,Intel Foundation,70,Industrials,USA for UNHCR,1,1,spending,CBi-ACTIVITY-321,550000,550000
2022-05,CBi-PROVIDER-199,Interogo Holding AG,70,Real estate,International Federation of Red Cross and Red Crescent Societies (IFRC),1,1,spending,CBi-ACTIVITY-322,5396868,5396868
2022-05,CBi-PROVIDER-200,Intuit Inc.,70,Information technology,United Nations High Commissioner for Refugees (UNHCR),1,1,commitments,CBi-ACTIVITY-323,1000000,1000000
2022-05,CBi-PROVIDER-201,Ipsen,70,Health care,French Red Cross,1,1,commitments,CBi-ACTIVITY-324,791059,791059
2022-05,CBi-PROVIDER-201,Ipsen,70,Health care,Tulipe [NGO],1,1,commitments,CBi-ACTIVITY-325,791059,791059
2022-05,CBi-PROVIDER-202,Jaguar Land Rover,70,Industrials,International Federation of Red Cross and Red Crescent Societies (IFRC),1,1,spending,CBi-ACTIVITY-326,178930,178930
2022-05,CBi-PROVIDER-203,James M. Cox Foundation,70,Communications services,American Red Cross,1,1,commitments,CBi-ACTIVITY-327,500000,500000
2022-05,CBi-PROVIDER-204,Japan Sporting Goods Industries Association,70,Consumer discretionary,Ukraine Humanitarian Fund (UHF),1,1,spending,CBi-ACTIVITY-328,10000,10000
2022-05,CBi-PROVIDER-205,John Legere Family Foundation,70,Communications services,Ukraine Humanitarian Fund (UHF),1,1,spending,CBi-ACTIVITY-329,25000,25000
2022-05,CBi-PROVIDER-206,John Lewis Partnership,70,Consumer discretionary,British Red Cross Society ,1,1,commitments,CBi-ACTIVITY-330,132000,132000
2022-05,CBi-PROVIDER-206,John Lewis Partnership,70,Consumer discretionary,British Red Cross Society ,1,1,commitments,CBi-ACTIVITY-331,198000,198000
2022-05,CBi-PROVIDER-207,Johnson & Johnson Foundation,70,Consumer discretionary,[multiple or not specified],1,1,commitments,CBi-ACTIVITY-332,5000000,5000000
2022-05,CBi-PROVIDER-207,Johnson & Johnson Foundation,70,Consumer discretionary,International Federation of Red Cross and Red Crescent Societies (IFRC),1,1,spending,CBi-ACTIVITY-333,4877232,4877232
2022-05,CBi-PROVIDER-207,Johnson & Johnson Foundation,70,Consumer discretionary,International Rescue Committee (IRC) [NGO],1,1,commitments,CBi-ACTIVITY-334,2544454,2544454
2022-05,CBi-PROVIDER-208,Jonathan Molot and Hattie Ruttenberg Foundation,70,Financials,Ukraine Humanitarian Fund (UHF),1,1,spending,CBi-ACTIVITY-335,43249,43249
2022-05,CBi-PROVIDER-209,JPMorgan Chase & Co.,70,Financials,[multiple or not specified],1,1,commitments,CBi-ACTIVITY-336,4000000,4000000
2022-05,CBi-PROVIDER-209,JPMorgan Chase & Co.,70,Financials,United Nations High Commissioner for Refugees (UNHCR),1,1,commitments,CBi-ACTIVITY-337,1000000,1000000
2022-05,CBi-PROVIDER-210,JYSK,70,Consumer discretionary,United Nations High Commissioner for Refugees (UNHCR),1,1,commitments,CBi-ACTIVITY-338,156078,156078
2022-05,CBi-PROVIDER-211,Kansas City Southern Charitable Fund,70,Industrials,American Red Cross,1,1,commitments,CBi-ACTIVITY-339,500000,500000
2022-05,CBi-PROVIDER-212,Keen,70,Consumer discretionary,[multiple or not specified],1,1,commitments,CBi-ACTIVITY-340,165000,165000
2022-05,CBi-PROVIDER-213,Kerry Group plc,70,Consumer staples,World Food Programme (WFP),1,1,spending,CBi-ACTIVITY-341,273823,273823
2022-05,CBi-PROVIDER-214,KeyBank Foundation,70,Financials,American Red Cross,1,1,commitments,CBi-ACTIVITY-342,100000,100000
2022-05,CBi-PROVIDER-214,KeyBank Foundation,70,Financials,United Nations Children's Fund (UNICEF),1,1,commitments,CBi-ACTIVITY-343,50000,50000
2022-05,CBi-PROVIDER-215,Kikkoman,70,Consumer staples,World Food Programme (WFP),1,1,commitments,CBi-ACTIVITY-344,1000000,1000000
2022-05,CBi-PROVIDER-216,Kimberly-Clark,70,Consumer staples,[multiple or not specified],1,1,commitments,CBi-ACTIVITY-345,500000,500000
2022-05,CBi-PROVIDER-216,Kimberly-Clark,70,Consumer staples,[multiple or not specified],1,1,commitments,CBi-ACTIVITY-346,500000,500000
2022-05,CBi-PROVIDER-217,Kinross Gold Corporation,70,Materials,Canadian Red Cross Society,1,1,commitments,CBi-ACTIVITY-347,1000000,1000000
2022-05,CBi-PROVIDER-218,Knockward Ltd,70,0,International Federation of Red Cross and Red Crescent Societies (IFRC),1,1,spending,CBi-ACTIVITY-348,10849,10849
2022-05,CBi-PROVIDER-219,KOEI TECMO,70,Consumer discretionary,United Nations High Commissioner for Refugees (UNHCR),1,1,commitments,CBi-ACTIVITY-349,500000,500000
2022-05,CBi-PROVIDER-220,Koninklijke DSM N.V.,70,Consumer staples,World Food Programme (WFP),1,1,spending,CBi-ACTIVITY-350,15071,15071
2022-05,CBi-PROVIDER-221,KPMG LLP,70,Financials,GlobalGiving [NGO],1,1,commitments,CBi-ACTIVITY-351,250000,250000
2022-05,CBi-PROVIDER-222,Kroger Co. Zero Hunger Zero Waste Foundation,70,Consumer staples,World Food Programme (WFP),1,1,spending,CBi-ACTIVITY-352,242500,242500
2022-05,CBi-PROVIDER-223,Kuehne + Nagel International AG,70,Industrials,[multiple or not specified],1,1,commitments,CBi-ACTIVITY-353,4364468,4364468
2022-05,CBi-PROVIDER-223,Kuehne + Nagel International AG,70,Industrials,[redacted] Recipient A,1,1,spending,CBi-ACTIVITY-354,8234,8234
2022-05,CBi-PROVIDER-223,Kuehne + Nagel International AG,70,Industrials,International Committee of the Red Cross (ICRC),1,1,spending,CBi-ACTIVITY-355,641124,641124
2022-05,CBi-PROVIDER-223,Kuehne + Nagel International AG,70,Industrials,United Nations Children's Fund (UNICEF),1,1,spending,CBi-ACTIVITY-356,1824949,1824949
2022-05,CBi-PROVIDER-223,Kuehne + Nagel International AG,70,Industrials,United Nations High Commissioner for Refugees (UNHCR),1,1,spending,CBi-ACTIVITY-357,3231708,3231708
2022-05,CBi-PROVIDER-223,Kuehne + Nagel International AG,70,Industrials,United Nations Population Fund (UNFPA),1,1,spending,CBi-ACTIVITY-358,36382,36382
2022-05,CBi-PROVIDER-223,Kuehne + Nagel International AG,70,Industrials,World Health Organization (WHO),1,1,spending,CBi-ACTIVITY-359,609135,609135
2022-05,CBi-PROVIDER-224,Kurt Geiger,70,Consumer discretionary,British Red Cross Society ,1,1,commitments,CBi-ACTIVITY-360,66000,66000
2022-05,CBi-PROVIDER-225,LEGO Foundation,70,Consumer discretionary,United Nations Children's Fund (UNICEF),1,1,commitments,CBi-ACTIVITY-361,3700000,3700000
2022-05,CBi-PROVIDER-226,LEO Pharma A/S,70,Health care,Danish Red Cross,1,1,commitments,CBi-ACTIVITY-362,141758,141758
2022-05,CBi-PROVIDER-226,LEO Pharma A/S,70,Health care,International Health Partners [NGO],1,1,commitments,CBi-ACTIVITY-363,1898379,1898379
2022-05,CBi-PROVIDER-227,Levi Strauss & Co.,70,Consumer Discretionary,CARE International [NGO],1,1,commitments,CBi-ACTIVITY-364,100000,100000
2022-05,CBi-PROVIDER-227,Levi Strauss & Co.,70,Consumer Discretionary,International Rescue Committee (IRC) [NGO],1,1,commitments,CBi-ACTIVITY-365,200000,200000
2022-05,CBi-PROVIDER-228,Liebherr Foundation,70,Industrials,United Nations High Commissioner for Refugees (UNHCR),1,1,spending,CBi-ACTIVITY-366,215517,215517
2022-05,CBi-PROVIDER-229,"Lincoln Electric Holdings, Inc.",70,Industrials,International Federation of Red Cross and Red Crescent Societies (IFRC),1,1,spending,CBi-ACTIVITY-367,24958,24958
2022-05,CBi-PROVIDER-230,Lindt & Sprüngli AG,70,Consumer discretionary,International Federation of Red Cross and Red Crescent Societies (IFRC),1,1,spending,CBi-ACTIVITY-368,1080762,1080762
2022-05,CBi-PROVIDER-231,Louis Vuitton,70,Consumer discretionary,United Nations Children's Fund (UNICEF),1,1,commitments,CBi-ACTIVITY-369,1090000,1090000
2022-05,CBi-PROVIDER-232,LVMH Group,70,Consumer discretionary,International Committee of the Red Cross (ICRC),1,1,commitments,CBi-ACTIVITY-370,5450000,5450000
2022-05,CBi-PROVIDER-233,Magna International,70,Industrials,United Nations High Commissioner for Refugees (UNHCR),1,1,commitments,CBi-ACTIVITY-371,100000,100000
2022-05,CBi-PROVIDER-234,Marks & Spencer,70,Consumer discretionary,United Kingdom for UNHCR,1,1,commitments,CBi-ACTIVITY-372,660000,660000
2022-05,CBi-PROVIDER-234,Marks & Spencer,70,Consumer discretionary,United Nations Children's Fund (UNICEF),1,1,commitments,CBi-ACTIVITY-373,660000,660000
2022-05,CBi-PROVIDER-234,Marks & Spencer,70,Consumer discretionary,United Nations High Commissioner for Refugees (UNHCR),1,1,commitments,CBi-ACTIVITY-374,660000,660000
2022-05,CBi-PROVIDER-235,Marriott International,70,Consumer discretionary,[multiple or not specified],1,1,commitments,CBi-ACTIVITY-375,2700000,2700000
2022-05,CBi-PROVIDER-236,"Mars, Inc.",70,Consumer staples,[multiple or not specified],1,1,commitments,CBi-ACTIVITY-376,3750000,3750000
2022-05,CBi-PROVIDER-236,"Mars, Inc.",70,Consumer staples,American Red Cross,1,1,spending,CBi-ACTIVITY-377,2500000,2500000
2022-05,CBi-PROVIDER-236,"Mars, Inc.",70,Consumer staples,Humane Society International [NGO],1,1,spending,CBi-ACTIVITY-378,1500000,1500000
2022-05,CBi-PROVIDER-236,"Mars, Inc.",70,Consumer staples,International Fund for Animal Welfare [NGO],1,1,spending,CBi-ACTIVITY-379,750000,750000
2022-05,CBi-PROVIDER-236,"Mars, Inc.",70,Consumer staples,Save the Children [NGO],1,1,spending,CBi-ACTIVITY-380,1500000,1500000
2022-05,CBi-PROVIDER-236,"Mars, Inc.",70,Consumer staples,United Nations High Commissioner for Refugees (UNHCR),1,1,spending,CBi-ACTIVITY-381,1000000,1000000
2022-05,CBi-PROVIDER-236,"Mars, Inc.",70,Consumer staples,Veterinarians Without Borders [NGO],1,1,spending,CBi-ACTIVITY-382,500000,500000
2022-05,CBi-PROVIDER-236,"Mars, Inc.",70,Consumer staples,World Central Kitchen [NGO],1,1,spending,CBi-ACTIVITY-383,500000,500000
2022-05,CBi-PROVIDER-237,Mastercard,70,Financials,International Committee of the Red Cross (ICRC),1,1,commitments,CBi-ACTIVITY-384,1250000,1250000
2022-05,CBi-PROVIDER-237,Mastercard,70,Financials,Save the Children [NGO],1,1,commitments,CBi-ACTIVITY-385,500000,500000
2022-05,CBi-PROVIDER-237,Mastercard,70,Financials,Save the Children [NGO],1,1,commitments,CBi-ACTIVITY-386,3000000,3000000
2022-05,CBi-PROVIDER-238,"Mattel, Inc.",70,Consumer Discretionary,[multiple or not specified],1,1,commitments,CBi-ACTIVITY-387,1000000,1000000
2022-05,CBi-PROVIDER-239,Mazda Motor Corporation,70,Industrials,United Nations High Commissioner for Refugees (UNHCR),1,1,commitments,CBi-ACTIVITY-388,1056055,1056055
2022-05,CBi-PROVIDER-240,McCain Foods Limited,70,Consumer Staples,Canadian Red Cross Society,1,1,spending,CBi-ACTIVITY-389,200000,200000
2022-05,CBi-PROVIDER-241,Mercedes-Benz,70,Consumer discretionary,German Red Cross,1,1,commitments,CBi-ACTIVITY-390,1090000,1090000
2022-05,CBi-PROVIDER-242,Merck KGaA,70,Health care,German Red Cross,1,1,commitments,CBi-ACTIVITY-391,2180000,2180000
2022-05,CBi-PROVIDER-243,"Meta Platforms, Inc.",70,Information technology,[multiple or not specified],1,1,commitments,CBi-ACTIVITY-392,5000000,5000000
2022-05,CBi-PROVIDER-243,"Meta Platforms, Inc.",70,Information technology,[multiple or not specified],1,1,commitments,CBi-ACTIVITY-393,10000000,10000000
2022-05,CBi-PROVIDER-243,"Meta Platforms, Inc.",70,Information technology,International Federation of Red Cross and Red Crescent Societies (IFRC),1,1,spending,CBi-ACTIVITY-394,146704,146704
2022-05,CBi-PROVIDER-243,"Meta Platforms, Inc.",70,Information technology,International Organization for Migration (IOM),1,1,spending,CBi-ACTIVITY-395,150000,150000
2022-05,CBi-PROVIDER-244,Metro AG,70,Consumer staples,World Food Programme (WFP),1,1,spending,CBi-ACTIVITY-396,393258,393258
2022-05,CBi-PROVIDER-245,Metro Supply Chain,70,Industrials,Canadian Red Cross Society,1,1,commitments,CBi-ACTIVITY-397,39500,39500
2022-05,CBi-PROVIDER-246,Michael & Susan Dell Foundation,70,Information technology,[multiple or not specified],1,1,commitments,CBi-ACTIVITY-398,15000000,15000000
2022-05,CBi-PROVIDER-247,Micky and Madeleine Arison Family Foundation,70,Consumer discretionary,Direct Relief [NGO],1,1,commitments,CBi-ACTIVITY-399,1000000,1000000
2022-05,CBi-PROVIDER-247,Micky and Madeleine Arison Family Foundation,70,Consumer discretionary,United Nations Children's Fund (UNICEF) USA,1,1,commitments,CBi-ACTIVITY-400,1000000,1000000
2022-05,CBi-PROVIDER-247,Micky and Madeleine Arison Family Foundation,70,Consumer discretionary,World Central Kitchen [NGO],1,1,commitments,CBi-ACTIVITY-401,1000000,1000000
2022-05,CBi-PROVIDER-248,Microsoft Corporation,70,Information technology,[multiple or not specified],1,1,commitments,CBi-ACTIVITY-402,70000,70000
2022-05,CBi-PROVIDER-248,Microsoft Corporation,70,Information technology,[multiple or not specified],1,1,commitments,CBi-ACTIVITY-403,143500,143500
2022-05,CBi-PROVIDER-248,Microsoft Corporation,70,Information technology,[multiple or not specified],1,1,commitments,CBi-ACTIVITY-404,978880,978880
2022-05,CBi-PROVIDER-248,Microsoft Corporation,70,Information technology,[multiple or not specified],1,1,commitments,CBi-ACTIVITY-405,2017000,2017000
2022-05,CBi-PROVIDER-248,Microsoft Corporation,70,Information technology,[multiple or not specified],1,1,commitments,CBi-ACTIVITY-406,2149000,2149000
2022-05,CBi-PROVIDER-248,Microsoft Corporation,70,Information technology,[multiple or not specified],1,1,commitments,CBi-ACTIVITY-407,2445600,2445600
2022-05,CBi-PROVIDER-248,Microsoft Corporation,70,Information technology,[multiple or not specified],1,1,commitments,CBi-ACTIVITY-408,4268000,4268000
2022-05,CBi-PROVIDER-248,Microsoft Corporation,70,Information technology,[multiple or not specified],1,1,commitments,CBi-ACTIVITY-409,5405000,5405000
2022-05,CBi-PROVIDER-248,Microsoft Corporation,70,Information technology,[multiple or not specified],1,1,commitments,CBi-ACTIVITY-410,8708000,8708000
2022-05,CBi-PROVIDER-248,Microsoft Corporation,70,Information technology,[multiple or not specified],1,1,commitments,CBi-ACTIVITY-411,19475000,19475000
2022-05,CBi-PROVIDER-248,Microsoft Corporation,70,Information technology,[multiple or not specified],1,1,commitments,CBi-ACTIVITY-412,27843000,27843000
2022-05,CBi-PROVIDER-248,Microsoft Corporation,70,Information technology,[multiple or not specified],1,1,commitments,CBi-ACTIVITY-413,52000000,52000000
2022-05,CBi-PROVIDER-248,Microsoft Corporation,70,Information technology,[multiple or not specified],1,1,commitments,CBi-ACTIVITY-414,52452000,52452000
2022-05,CBi-PROVIDER-249,Micys Company S.p.A.,70,Consumer discretionary,United Nations High Commissioner for Refugees (UNHCR),1,1,spending,CBi-ACTIVITY-415,11236,11236
2022-05,CBi-PROVIDER-250,Mitsubishi Electric,70,Consumer discretionary,United Nations High Commissioner for Refugees (UNHCR),1,1,commitments,CBi-ACTIVITY-416,1099600,1099600
2022-05,CBi-PROVIDER-251,Mondelez International,70,Consumer staples,International Federation of Red Cross and Red Crescent Societies (IFRC),1,1,spending,CBi-ACTIVITY-417,63384,63384
2022-05,CBi-PROVIDER-252,Mondi plc,70,Industrials,World Food Programme (WFP),1,1,spending,CBi-ACTIVITY-418,1095290,1095290
2022-05,CBi-PROVIDER-253,Mondou,70,Consumer discretionary,Canadian Red Cross Society,1,1,commitments,CBi-ACTIVITY-419,79000,79000
2022-05,CBi-PROVIDER-254,Moody's Foundation,70,Financials,International Rescue Committee (IRC) [NGO],1,1,commitments,CBi-ACTIVITY-420,250000,250000
2022-05,CBi-PROVIDER-255,Moose Toys,70,Consumer discretionary,Save the Children [NGO],1,1,commitments,CBi-ACTIVITY-421,100000,100000
2022-05,CBi-PROVIDER-256,Morrison & Foerster Foundation,70,Financials,Benevolent Healthcare Foundation [NGO],1,1,commitments,CBi-ACTIVITY-422,15000,15000
2022-05,CBi-PROVIDER-256,Morrison & Foerster Foundation,70,Financials,International Rescue Committee (IRC) [NGO],1,1,commitments,CBi-ACTIVITY-423,17000,17000
2022-05,CBi-PROVIDER-256,Morrison & Foerster Foundation,70,Financials,World Central Kitchen [NGO],1,1,commitments,CBi-ACTIVITY-424,15000,15000
2022-05,CBi-PROVIDER-257,Morrison Supermarkets,70,Consumer staples,Disasters Emergency Committee (DEC) [NGO],1,1,commitments,CBi-ACTIVITY-425,330000,330000
2022-05,CBi-PROVIDER-258,MSA Safety,70,Industrials,FIRE AID [NGO],1,1,commitments,CBi-ACTIVITY-426,400000,400000
2022-05,CBi-PROVIDER-259,MSD,70,Health care,[multiple or not specified],1,1,commitments,CBi-ACTIVITY-427,65000000,65000000
2022-05,CBi-PROVIDER-260,NanoTemper Technologies,70,Information technology,Ukraine Humanitarian Fund (UHF),1,1,spending,CBi-ACTIVITY-428,13508,13508
2022-05,CBi-PROVIDER-261,NCR Foundation,70,Industrials,United Nations Children's Fund (UNICEF),1,1,commitments,CBi-ACTIVITY-429,200000,200000
2022-05,CBi-PROVIDER-262,Neptune Energy,70,Energy,International Committee of the Red Cross (ICRC),1,1,commitments,CBi-ACTIVITY-430,1000000,1000000
2022-05,CBi-PROVIDER-262,Neptune Energy,70,Energy,International Rescue Committee (IRC) [NGO],1,1,commitments,CBi-ACTIVITY-431,1000000,1000000
2022-05,CBi-PROVIDER-263,Nestlé Nespresso S.A.,70,Consumer staples,GlobalGiving [NGO],1,1,commitments,CBi-ACTIVITY-432,250000,250000
2022-05,CBi-PROVIDER-264,Nestlé S.A.,70,Consumer staples,GlobalGiving [NGO],1,1,commitments,CBi-ACTIVITY-433,250000,250000
2022-05,CBi-PROVIDER-264,Nestlé S.A.,70,Consumer staples,International Federation of Red Cross and Red Crescent Societies (IFRC),1,1,spending,CBi-ACTIVITY-434,654754,654754
2022-05,CBi-PROVIDER-265,New York Life,70,Financials,Save the Children [NGO],1,1,commitments,CBi-ACTIVITY-435,150000,150000
2022-05,CBi-PROVIDER-265,New York Life,70,Financials,United Nations Children's Fund (UNICEF) USA,1,1,commitments,CBi-ACTIVITY-436,150000,150000
2022-05,CBi-PROVIDER-266,Newmont Corporation,70,Materials,[multiple or not specified],1,1,commitments,CBi-ACTIVITY-437,500000,500000
2022-05,CBi-PROVIDER-266,Newmont Corporation,70,Materials,American Red Cross,1,1,commitments,CBi-ACTIVITY-438,127110,127110
2022-05,CBi-PROVIDER-266,Newmont Corporation,70,Materials,American Red Cross,1,1,commitments,CBi-ACTIVITY-439,3000000,3000000
2022-05,CBi-PROVIDER-266,Newmont Corporation,70,Materials,International Medical Corps (IMC) [NGO],1,1,commitments,CBi-ACTIVITY-440,1000000,1000000
2022-05,CBi-PROVIDER-266,Newmont Corporation,70,Materials,Project C.U.R.E. [NGO],1,1,commitments,CBi-ACTIVITY-441,500000,500000
2022-05,CBi-PROVIDER-267,Nike Foundation,70,Consumer discretionary,[multiple or not specified],1,1,commitments,CBi-ACTIVITY-442,1000000,1000000
2022-05,CBi-PROVIDER-268,"Nissan Motor Co., Ltd.",70,Industrials,[multiple or not specified],1,1,commitments,CBi-ACTIVITY-443,1088220,1088220
2022-05,CBi-PROVIDER-268,"Nissan Motor Co., Ltd.",70,Industrials,International Federation of Red Cross and Red Crescent Societies (IFRC),1,1,spending,CBi-ACTIVITY-444,538795,538795
2022-05,CBi-PROVIDER-269,Norton Rose Fulbright,70,Financials,Canadian Red Cross Society,1,1,commitments,CBi-ACTIVITY-445,100000,100000
2022-05,CBi-PROVIDER-269,Norton Rose Fulbright,70,Financials,Save the Children [NGO],1,1,commitments,CBi-ACTIVITY-446,200000,200000
2022-05,CBi-PROVIDER-270,Novartis AG,70,Health care,International Committee of the Red Cross (ICRC),1,1,commitments,CBi-ACTIVITY-447,1000000,1000000
2022-05,CBi-PROVIDER-270,Novartis AG,70,Health care,International Rescue Committee (IRC) [NGO],1,1,commitments,CBi-ACTIVITY-448,1000000,1000000
2022-05,CBi-PROVIDER-270,Novartis AG,70,Health care,Save the Children [NGO],1,1,commitments,CBi-ACTIVITY-449,1000000,1000000
2022-05,CBi-PROVIDER-271,Novelis Corporation,70,Industrials,International Committee of the Red Cross (ICRC),1,1,commitments,CBi-ACTIVITY-450,300000,300000
2022-05,CBi-PROVIDER-272,Novo Nordisk Foundation,70,Energy,Danish Red Cross,1,1,commitments,CBi-ACTIVITY-451,3695117,3695117
2022-05,CBi-PROVIDER-272,Novo Nordisk Foundation,70,Energy,Danish Refugee Council [NGO],1,1,commitments,CBi-ACTIVITY-452,1478047,1478047
2022-05,CBi-PROVIDER-272,Novo Nordisk Foundation,70,Energy,Human Rights Watch [NGO],1,1,commitments,CBi-ACTIVITY-453,147804,147804
2022-05,CBi-PROVIDER-272,Novo Nordisk Foundation,70,Energy,United Nations Children's Fund (UNICEF) Denmark,1,1,commitments,CBi-ACTIVITY-454,591218,591218
2022-05,CBi-PROVIDER-272,Novo Nordisk Foundation,70,Energy,United Nations High Commissioner for Refugees (UNHCR),1,1,commitments,CBi-ACTIVITY-455,1478047,1478047
2022-05,CBi-PROVIDER-272,Novo Nordisk Foundation,70,Energy,World Health Organization (WHO),1,1,spending,CBi-ACTIVITY-456,3656088,3656088
2022-05,CBi-PROVIDER-273,Oak Foundation,70,Consumer discretionary,[multiple or not specified],1,1,commitments,CBi-ACTIVITY-457,10750000,10750000
2022-05,CBi-PROVIDER-274,Offshore Technology Conference Inc.,70,Energy,International Federation of Red Cross and Red Crescent Societies (IFRC),1,1,spending,CBi-ACTIVITY-458,25666,25666
2022-05,CBi-PROVIDER-275,Olam International,70,Consumer staples,World Food Programme (WFP),1,1,spending,CBi-ACTIVITY-459,1000000,1000000
2022-05,CBi-PROVIDER-276,Old Navy,70,Consumer discretionary,USA for UNHCR,1,1,commitments,CBi-ACTIVITY-460,1000000,1000000
2022-05,CBi-PROVIDER-277,Olympus Corporation,70,Consumer discretionary,International Federation of Red Cross and Red Crescent Societies (IFRC),1,1,spending,CBi-ACTIVITY-461,497147,497147
2022-05,CBi-PROVIDER-278,OpenText,70,Information technology,United Nations High Commissioner for Refugees (UNHCR),1,1,spending,CBi-ACTIVITY-462,100000,100000
2022-05,CBi-PROVIDER-279,"Orrick, Herrington & Sutcliffe",70,Financials,International Rescue Committee (IRC) [NGO],1,1,commitments,CBi-ACTIVITY-463,12500,12500
2022-05,CBi-PROVIDER-279,"Orrick, Herrington & Sutcliffe",70,Financials,United Help Ukraine [NGO],1,1,commitments,CBi-ACTIVITY-464,12500,12500
2022-05,CBi-PROVIDER-280,"Otsuka Pharmaceutical Co., Ltd.",70,Health care,Japanese Red Cross Society,1,1,commitments,CBi-ACTIVITY-465,153670,153670
2022-05,CBi-PROVIDER-281,Pacific Life Foundation,70,Financials,United Nations Children's Fund (UNICEF),1,1,commitments,CBi-ACTIVITY-466,250000,250000
2022-05,CBi-PROVIDER-282,Pandora,70,Consumer discretionary,United Nations Children's Fund (UNICEF),1,1,commitments,CBi-ACTIVITY-467,1000000,1000000
2022-05,CBi-PROVIDER-283,"Pepsico Foundation, Inc.",70,Consumer staples,[multiple or not specified],1,1,commitments,CBi-ACTIVITY-468,1600000,1600000
2022-05,CBi-PROVIDER-283,"Pepsico Foundation, Inc.",70,Consumer staples,Caritas [NGO],1,1,commitments,CBi-ACTIVITY-469,1671684,1671684
2022-05,CBi-PROVIDER-283,"Pepsico Foundation, Inc.",70,Consumer staples,Direct Relief [NGO],1,1,commitments,CBi-ACTIVITY-470,20000,20000
2022-05,CBi-PROVIDER-283,"Pepsico Foundation, Inc.",70,Consumer staples,Moldovan Red Cross,1,1,commitments,CBi-ACTIVITY-471,20615,20615
2022-05,CBi-PROVIDER-283,"Pepsico Foundation, Inc.",70,Consumer staples,Polish Red Cross,1,1,commitments,CBi-ACTIVITY-472,267805,267805
2022-05,CBi-PROVIDER-283,"Pepsico Foundation, Inc.",70,Consumer staples,Polish Red Cross,1,1,commitments,CBi-ACTIVITY-473,650000,650000
2022-05,CBi-PROVIDER-283,"Pepsico Foundation, Inc.",70,Consumer staples,Romanian Red Cross,1,1,commitments,CBi-ACTIVITY-474,22423,22423
2022-05,CBi-PROVIDER-283,"Pepsico Foundation, Inc.",70,Consumer staples,Save the Children [NGO],1,1,commitments,CBi-ACTIVITY-475,20751,20751
2022-05,CBi-PROVIDER-283,"Pepsico Foundation, Inc.",70,Consumer staples,Save the Children [NGO],1,1,commitments,CBi-ACTIVITY-476,1000000,1000000
2022-05,CBi-PROVIDER-283,"Pepsico Foundation, Inc.",70,Consumer staples,Swiss Red Cross,1,1,commitments,CBi-ACTIVITY-477,20000,20000
2022-05,CBi-PROVIDER-283,"Pepsico Foundation, Inc.",70,Consumer staples,Ukraine Foodbank [NGO],1,1,commitments,CBi-ACTIVITY-478,474287,474287
2022-05,CBi-PROVIDER-283,"Pepsico Foundation, Inc.",70,Consumer staples,World Central Kitchen [NGO],1,1,commitments,CBi-ACTIVITY-479,1000000,1000000
2022-05,CBi-PROVIDER-283,"Pepsico Foundation, Inc.",70,Consumer staples,World Food Programme (WFP),1,1,commitments,CBi-ACTIVITY-480,1000000,1000000
2022-05,CBi-PROVIDER-283,"Pepsico Foundation, Inc.",70,Consumer staples,World Vision Romania [NGO],1,1,commitments,CBi-ACTIVITY-481,350000,350000
2022-05,CBi-PROVIDER-284,"Phillips Auctioneers, LLC",70,Consumer discretionary,Ukrainian Red Cross Society,1,1,commitments,CBi-ACTIVITY-482,7656000,7656000
2022-05,CBi-PROVIDER-285,Pioneer Natural Resources,70,Energy,[multiple or not specified],1,1,commitments,CBi-ACTIVITY-483,20000000,20000000
2022-05,CBi-PROVIDER-286,Plarium,70,Consumer discretionary,Ukrainian Red Cross Society,1,1,commitments,CBi-ACTIVITY-484,500000,500000
2022-05,CBi-PROVIDER-287,Pokémon Company,70,Consumer discretionary,GlobalGiving [NGO],1,1,commitments,CBi-ACTIVITY-485,200000,200000
2022-05,CBi-PROVIDER-288,"Popular, Inc.",70,Financials,American Red Cross in Puerto Rico,1,1,commitments,CBi-ACTIVITY-486,50000,50000
2022-05,CBi-PROVIDER-289,Porsche AG,70,Consumer discretionary,Ferry Porsche Foundation [NGO],1,1,commitments,CBi-ACTIVITY-487,272500,272500
2022-05,CBi-PROVIDER-289,Porsche AG,70,Consumer discretionary,UNO-Flüchtlingshilfe (Germany for UNHCR),1,1,commitments,CBi-ACTIVITY-488,817500,817500
2022-05,CBi-PROVIDER-290,PricewaterhouseCoopers,70,Financials,CARE International [NGO],1,1,commitments,CBi-ACTIVITY-489,125000,125000
2022-05,CBi-PROVIDER-291,Procter & Gamble,70,Consumer staples,International Federation of Red Cross and Red Crescent Societies (IFRC),1,1,spending,CBi-ACTIVITY-490,755436,755436
2022-05,CBi-PROVIDER-292,"Punto Fa, S.L.",70,Consumer discretionary,International Committee of the Red Cross (ICRC),1,1,commitments,CBi-ACTIVITY-491,111595,111595
2022-05,CBi-PROVIDER-293,Realdania,70,Financials,Danish Red Cross,1,1,commitments,CBi-ACTIVITY-492,7315290,7315290
2022-05,CBi-PROVIDER-293,Realdania,70,Financials,Danish Refugee Council [NGO],1,1,commitments,CBi-ACTIVITY-493,3657645,3657645
2022-05,CBi-PROVIDER-293,Realdania,70,Financials,Save the Children Denmark [NGO],1,1,commitments,CBi-ACTIVITY-494,3657645,3657645
2022-05,CBi-PROVIDER-294,Renesas Electronics Corporation,70,Industrials,United Nations High Commissioner for Refugees (UNHCR),1,1,commitments,CBi-ACTIVITY-495,1074595,1074595
2022-05,CBi-PROVIDER-295,Revolut,70,Financials,Ukrainian Red Cross Society,1,1,commitments,CBi-ACTIVITY-496,1500000,1500000
2022-05,CBi-PROVIDER-296,"Riot Games, Inc.",70,Consumer discretionary,International Committee of the Red Cross (ICRC),1,1,commitments,CBi-ACTIVITY-497,1800000,1800000
2022-05,CBi-PROVIDER-296,"Riot Games, Inc.",70,Consumer discretionary,International Medical Corps (IMC) [NGO],1,1,commitments,CBi-ACTIVITY-498,1800000,1800000
2022-05,CBi-PROVIDER-296,"Riot Games, Inc.",70,Consumer discretionary,Médecins Sans Frontières (MSF) [NGO],1,1,commitments,CBi-ACTIVITY-499,1800000,1800000
2022-05,CBi-PROVIDER-297,Riverview Community Bank,70,Financials,Ukrainian American Cultural Association of Oregon and Southwest Washington [NGO],1,1,commitments,CBi-ACTIVITY-500,10000,10000
2022-05,CBi-PROVIDER-298,Rockwell Automation,70,Industrials,American Red Cross,1,1,commitments,CBi-ACTIVITY-501,100000,100000
2022-05,CBi-PROVIDER-298,Rockwell Automation,70,Industrials,GlobalGiving [NGO],1,1,commitments,CBi-ACTIVITY-502,100000,100000
2022-05,CBi-PROVIDER-298,Rockwell Automation,70,Industrials,Polish Humanitarian Action [NGO],1,1,commitments,CBi-ACTIVITY-503,100000,100000
2022-05,CBi-PROVIDER-298,Rockwell Automation,70,Industrials,Save the Children [NGO],1,1,commitments,CBi-ACTIVITY-504,100000,100000
2022-05,CBi-PROVIDER-298,Rockwell Automation,70,Industrials,United Way [NGO],1,1,commitments,CBi-ACTIVITY-505,100000,100000
2022-05,CBi-PROVIDER-299,Royal Bank of Canada,70,Financials,Canadian Red Cross Society,1,1,commitments,CBi-ACTIVITY-506,158000,158000
2022-05,CBi-PROVIDER-300,RSM US Foundation,70,Financials,Ukraine Humanitarian Fund (UHF),1,1,spending,CBi-ACTIVITY-507,32150,32150
2022-05,CBi-PROVIDER-301,Russel Metals Inc. ,70,Materials,United Nations High Commissioner for Refugees (UNHCR),1,1,commitments,CBi-ACTIVITY-508,79000,79000
2022-05,CBi-PROVIDER-302,S&P Global Foundation,70,Financials,United Nations High Commissioner for Refugees (UNHCR),1,1,commitments,CBi-ACTIVITY-509,150000,150000
2022-05,CBi-PROVIDER-302,S&P Global Foundation,70,Financials,World Central Kitchen [NGO],1,1,commitments,CBi-ACTIVITY-510,150000,150000
2022-05,CBi-PROVIDER-303,Sabre Corporation,70,Information technology,Polish Red Cross,1,1,commitments,CBi-ACTIVITY-511,1000000,1000000
2022-05,CBi-PROVIDER-304,Sainsbury's,70,Consumer staples,Comic Relief [NGO],1,1,commitments,CBi-ACTIVITY-512,2640000,2640000
2022-05,CBi-PROVIDER-305,"Salesforce, Inc.",70,Information technology,[multiple or not specified],1,1,commitments,CBi-ACTIVITY-513,4000000,4000000
2022-05,CBi-PROVIDER-306,Salvatore Ferragamo S.p.A.,70,Consumer discretionary,United Nations High Commissioner for Refugees (UNHCR),1,1,spending,CBi-ACTIVITY-514,337079,337079
2022-05,CBi-PROVIDER-307,Samsung Electronics,70,Industrials,[multiple or not specified],1,1,commitments,CBi-ACTIVITY-515,1000000,1000000
2022-05,CBi-PROVIDER-307,Samsung Electronics,70,Industrials,[multiple or not specified],1,1,commitments,CBi-ACTIVITY-516,5000000,5000000
2022-05,CBi-PROVIDER-308,Sanofi S.A.,70,Health care,[multiple or not specified],1,1,commitments,CBi-ACTIVITY-517,5439025,5439025
2022-05,CBi-PROVIDER-309,SAP SE,70,Information technology,[multiple or not specified],1,1,commitments,CBi-ACTIVITY-518,3163515,3163515
2022-05,CBi-PROVIDER-310,Sappi Limited,70,Materials,Ukraine Humanitarian Fund (UHF),1,1,commitments,CBi-ACTIVITY-519,100000,100000
2022-05,CBi-PROVIDER-311,Schörling Family Foundation,70,Industrials,Swedish Red Cross,1,1,commitments,CBi-ACTIVITY-520,5282620,5282620
2022-05,CBi-PROVIDER-311,Schörling Family Foundation,70,Industrials,United Nations High Commissioner for Refugees (UNHCR),1,1,commitments,CBi-ACTIVITY-521,5282620,5282620
2022-05,CBi-PROVIDER-312,SeaDream Family Foundation,70,Consumer discretionary,[multiple or not specified],1,1,commitments,CBi-ACTIVITY-522,1500000,1500000
2022-05,CBi-PROVIDER-313,Sentara Healthcare,70,Health care,[multiple or not specified],1,1,commitments,CBi-ACTIVITY-523,3500000,3500000
2022-05,CBi-PROVIDER-314,SentinelOne,70,Information technology,Ukraine Humanitarian Fund (UHF),1,1,spending,CBi-ACTIVITY-524,25000,25000
2022-05,CBi-PROVIDER-315,Share Our Strength,70,Consumer staples,World Food Programme (WFP),1,1,spending,CBi-ACTIVITY-525,9700,9700
2022-05,CBi-PROVIDER-316,Shiseido Group,70,Consumer discretionary,United Nations High Commissioner for Refugees (UNHCR),1,1,commitments,CBi-ACTIVITY-526,1101820,1101820
2022-05,CBi-PROVIDER-317,Sidney E. Frank Foundation,70,Consumer discretionary,Ukraine Humanitarian Fund (UHF),1,1,spending,CBi-ACTIVITY-527,20000,20000
2022-05,CBi-PROVIDER-318,Siemens Caring Hands,70,Industrials,German Red Cross,1,1,commitments,CBi-ACTIVITY-528,1112483,1112483
2022-05,CBi-PROVIDER-319,Siemens Gamesa Renewable Energy,70,Energy,International Federation of Red Cross and Red Crescent Societies (IFRC),1,1,spending,CBi-ACTIVITY-529,136092,136092
2022-05,CBi-PROVIDER-320,Signet Love Inspires Foundation,70,Consumer discretionary,Ukrainian Red Cross Society,1,1,commitments,CBi-ACTIVITY-530,1000000,1000000
2022-05,CBi-PROVIDER-321,Škoda Auto a.s.,70,Consumer discretionary,[multiple or not specified],1,1,commitments,CBi-ACTIVITY-531,1108400,1108400
2022-05,CBi-PROVIDER-321,Škoda Auto a.s.,70,Consumer discretionary,People in Need [NGO],1,1,commitments,CBi-ACTIVITY-532,443240,443240
2022-05,CBi-PROVIDER-322,"Smithfield Foods, Inc.",70,Consumer staples,American Red Cross,1,1,commitments,CBi-ACTIVITY-533,250000,250000
2022-05,CBi-PROVIDER-322,"Smithfield Foods, Inc.",70,Consumer staples,American Red Cross,1,1,commitments,CBi-ACTIVITY-534,1000000,1000000
2022-05,CBi-PROVIDER-322,"Smithfield Foods, Inc.",70,Consumer staples,Mercy Chefs [NGO],1,1,commitments,CBi-ACTIVITY-535,250000,250000
2022-05,CBi-PROVIDER-322,"Smithfield Foods, Inc.",70,Consumer staples,Save the Children [NGO],1,1,commitments,CBi-ACTIVITY-536,250000,250000
2022-05,CBi-PROVIDER-322,"Smithfield Foods, Inc.",70,Consumer staples,World Central Kitchen [NGO],1,1,commitments,CBi-ACTIVITY-537,250000,250000
2022-05,CBi-PROVIDER-323,"Snap, Inc.",70,Information technology,[multiple or not specified],1,1,commitments,CBi-ACTIVITY-538,15000000,15000000
2022-05,CBi-PROVIDER-323,"Snap, Inc.",70,Information technology,United Nations High Commissioner for Refugees (UNHCR),1,1,spending,CBi-ACTIVITY-539,500000,500000
2022-05,CBi-PROVIDER-324,Societe Generale Group,70,Financials,[multiple or not specified],1,1,commitments,CBi-ACTIVITY-540,2177020,2177020
2022-05,CBi-PROVIDER-325,Sologenic Development Foundation,70,Financials,United Nations High Commissioner for Refugees (UNHCR),1,1,commitments,CBi-ACTIVITY-541,10000,10000
2022-05,CBi-PROVIDER-326,Sonoco Products Company,70,Industrials,International Federation of Red Cross and Red Crescent Societies (IFRC),1,1,spending,CBi-ACTIVITY-542,50594,50594
2022-05,CBi-PROVIDER-327,Sony Group,70,Consumer discretionary,[multiple or not specified],1,1,commitments,CBi-ACTIVITY-543,5000000,5000000
2022-05,CBi-PROVIDER-328,"Southeastern Grocers, Inc.",70,Consumer staples,International Committee of the Red Cross (ICRC),1,1,commitments,CBi-ACTIVITY-544,250000,250000
2022-05,CBi-PROVIDER-328,"Southeastern Grocers, Inc.",70,Consumer staples,Mission 823 [NGO],1,1,commitments,CBi-ACTIVITY-545,1100000,1100000
2022-05,CBi-PROVIDER-329,Spiegel Family Fund,70,Information technology,United Nations High Commissioner for Refugees (UNHCR),1,1,spending,CBi-ACTIVITY-546,1000000,1000000
2022-05,CBi-PROVIDER-330,Square Enix,70,Consumer discretionary,United Nations High Commissioner for Refugees (UNHCR),1,1,commitments,CBi-ACTIVITY-547,500000,500000
2022-05,CBi-PROVIDER-331,Stallergenes AG,70,Health care,French Red Cross,1,1,commitments,CBi-ACTIVITY-548,158165,158165
2022-05,CBi-PROVIDER-332,Sun Life Financial Inc.,70,Financials,Canadian Red Cross Society,1,1,commitments,CBi-ACTIVITY-549,158000,158000
2022-05,CBi-PROVIDER-332,Sun Life Financial Inc.,70,Financials,United Nations High Commissioner for Refugees (UNHCR),1,1,commitments,CBi-ACTIVITY-550,80000,80000
2022-05,CBi-PROVIDER-333,Supercell Oy,70,Consumer discretionary,United Nations High Commissioner for Refugees (UNHCR),1,1,commitments,CBi-ACTIVITY-551,1000000,1000000
2022-05,CBi-PROVIDER-334,Sylvamo,70,Materials,International Committee of the Red Cross (ICRC),1,1,commitments,CBi-ACTIVITY-552,250000,250000
2022-05,CBi-PROVIDER-335,T. Rowe Price Foundation,70,Financials,Ukraine Humanitarian Fund (UHF),1,1,spending,CBi-ACTIVITY-553,500000,500000
2022-05,CBi-PROVIDER-336,Taiwan Sporting Goods Manufacturers Association,70,Consumer discretionary,Ukraine Humanitarian Fund (UHF),1,1,spending,CBi-ACTIVITY-554,20000,20000
2022-05,CBi-PROVIDER-337,Takeda Pharmaceutical Company Ltd,70,Health care,International Federation of Red Cross and Red Crescent Societies (IFRC),1,1,spending,CBi-ACTIVITY-555,23985235,23985235
2022-05,CBi-PROVIDER-338,Techland S.A.,70,Consumer discretionary,Polish Humanitarian Action [NGO],1,1,commitments,CBi-ACTIVITY-556,230890,230890
2022-05,CBi-PROVIDER-339,Telus Corporation,70,Communications services,Canadian Red Cross Society,1,1,commitments,CBi-ACTIVITY-557,79000,79000
2022-05,CBi-PROVIDER-340,TELUS Friendly Future Foundation,70,Communications services,Canadian Red Cross Society,1,1,commitments,CBi-ACTIVITY-558,118500,118500
2022-05,CBi-PROVIDER-341,Tesco PLC,70,Consumer staples,British Red Cross Society ,1,1,commitments,CBi-ACTIVITY-559,1320000,1320000
2022-05,CBi-PROVIDER-342,Teva Pharmaceutical Industries Ltd.,70,Health care,Direct Relief [NGO],1,1,commitments,CBi-ACTIVITY-560,10800000,10800000
2022-05,CBi-PROVIDER-342,Teva Pharmaceutical Industries Ltd.,70,Health care,People in Need [NGO],1,1,commitments,CBi-ACTIVITY-561,180000,180000
2022-05,CBi-PROVIDER-342,Teva Pharmaceutical Industries Ltd.,70,Health care,United Hatzalah [NGO],1,1,commitments,CBi-ACTIVITY-562,180000,180000
2022-05,CBi-PROVIDER-343,Texas Instruments Foundation,70,Industrials,American Red Cross,1,1,commitments,CBi-ACTIVITY-563,25000,25000
2022-05,CBi-PROVIDER-344,The Body Shop International Limited,70,Consumer discretionary,United Nations High Commissioner for Refugees (UNHCR),1,1,commitments,CBi-ACTIVITY-564,50000,50000
2022-05,CBi-PROVIDER-345,The Carlsberg Foundation and the Tuborg Foundation,70,Consumer discretionary,Danish Red Cross,1,1,commitments,CBi-ACTIVITY-565,3655637,3655637
2022-05,CBi-PROVIDER-345,The Carlsberg Foundation and the Tuborg Foundation,70,Consumer discretionary,Danish Refugee Council [NGO],1,1,commitments,CBi-ACTIVITY-566,1462255,1462255
2022-05,CBi-PROVIDER-345,The Carlsberg Foundation and the Tuborg Foundation,70,Consumer discretionary,Human Rights Watch [NGO],1,1,commitments,CBi-ACTIVITY-567,146225,146225
2022-05,CBi-PROVIDER-345,The Carlsberg Foundation and the Tuborg Foundation,70,Consumer discretionary,Plan International Denmark [NGO],1,1,commitments,CBi-ACTIVITY-568,584902,584902
2022-05,CBi-PROVIDER-345,The Carlsberg Foundation and the Tuborg Foundation,70,Consumer discretionary,United Nations High Commissioner for Refugees (UNHCR),1,1,commitments,CBi-ACTIVITY-569,1462255,1462255
2022-05,CBi-PROVIDER-346,The Coca-Cola Company,70,Consumer staples,[multiple or not specified],1,1,commitments,CBi-ACTIVITY-570,13602743,13602743
2022-05,CBi-PROVIDER-347,The Coca-Cola Foundation,70,Consumer staples,International Federation of Red Cross and Red Crescent Societies (IFRC),1,1,spending,CBi-ACTIVITY-571,982218,982218
2022-05,CBi-PROVIDER-348,The Estée Lauder Companies Inc,70,Consumer Discretionary,[multiple or not specified],1,1,commitments,CBi-ACTIVITY-572,1000000,1000000
2022-05,CBi-PROVIDER-349,"The Interpublic Group of Companies, Inc.",70,Communications services,World Food Programme (WFP),1,1,spending,CBi-ACTIVITY-573,9700,9700
2022-05,CBi-PROVIDER-350,The Nippon Foundation,70,Consumer discretionary,[multiple or not specified],1,1,commitments,CBi-ACTIVITY-574,40000000,40000000
2022-05,CBi-PROVIDER-351,The Pfizer Foundation,70,Health care,[multiple or not specified],1,1,commitments,CBi-ACTIVITY-575,2000000,2000000
2022-05,CBi-PROVIDER-352,TikTok Inc.,70,Information technology,United Nations Central Emergency Response Fund (CERF),1,1,spending,CBi-ACTIVITY-576,1000000,1000000
2022-05,CBi-PROVIDER-353,TJ Morris Ltd,70,Consumer discretionary,Disasters Emergency Committee (DEC) [NGO],1,1,commitments,CBi-ACTIVITY-577,132000,132000
2022-05,CBi-PROVIDER-354,Tom Ford SA,70,Consumer discretionary,Ukraine Humanitarian Fund (UHF),1,1,commitments,CBi-ACTIVITY-578,100000,100000
2022-05,CBi-PROVIDER-355,Toyota Motor Corporation,70,Consumer discretionary,United Nations High Commissioner for Refugees (UNHCR),1,1,commitments,CBi-ACTIVITY-579,551120,551120
2022-05,CBi-PROVIDER-356,Tripadvisor Foundation,70,Consumer discretionary,World Central Kitchen [NGO],1,1,commitments,CBi-ACTIVITY-580,250000,250000
2022-05,CBi-PROVIDER-357,Twitter,70,Information technology,GlobalGiving [NGO],1,1,commitments,CBi-ACTIVITY-581,267000,267000
2022-05,CBi-PROVIDER-358,U.S. Travel Association,70,Consumer discretionary,World Food Programme (WFP),1,1,spending,CBi-ACTIVITY-582,24250,24250
2022-05,CBi-PROVIDER-359,Uber Technologies Inc.,70,Information technology,International Federation of Red Cross and Red Crescent Societies (IFRC),1,1,spending,CBi-ACTIVITY-583,252809,252809
2022-05,CBi-PROVIDER-359,Uber Technologies Inc.,70,Information technology,International Rescue Committee (IRC) [NGO],1,1,commitments,CBi-ACTIVITY-584,1000000,1000000
2022-05,CBi-PROVIDER-360,Ukrainian Credit Union ,70,Financials,The Canada-Ukraine Foundation [NGO],1,1,commitments,CBi-ACTIVITY-585,79000,79000
2022-05,CBi-PROVIDER-361,Unilever,70,Consumer staples,[multiple or not specified],1,1,commitments,CBi-ACTIVITY-586,1790788,1790788
2022-05,CBi-PROVIDER-361,Unilever,70,Consumer staples,United Nations Children's Fund (UNICEF),1,1,commitments,CBi-ACTIVITY-587,2001470,2001470
2022-05,CBi-PROVIDER-361,Unilever,70,Consumer staples,United Nations High Commissioner for Refugees (UNHCR),1,1,commitments,CBi-ACTIVITY-588,1474767,1474767
2022-05,CBi-PROVIDER-362,Union Pacific Railroad,70,Industrials,American Red Cross,1,1,commitments,CBi-ACTIVITY-589,250000,250000
2022-05,CBi-PROVIDER-362,Union Pacific Railroad,70,Industrials,Save the Children [NGO],1,1,commitments,CBi-ACTIVITY-590,250000,250000
2022-05,CBi-PROVIDER-363,United Health Foundation,70,Health care,Direct Relief [NGO],1,1,commitments,CBi-ACTIVITY-591,500000,500000
2022-05,CBi-PROVIDER-363,United Health Foundation,70,Health care,Save the Children [NGO],1,1,commitments,CBi-ACTIVITY-592,500000,500000
2022-05,CBi-PROVIDER-364,Valentino,70,Consumer discretionary,United Nations High Commissioner for Refugees (UNHCR),1,1,commitments,CBi-ACTIVITY-593,557975,557975
2022-05,CBi-PROVIDER-365,Vanguard,70,Financials,International Federation of Red Cross and Red Crescent Societies (IFRC),1,1,spending,CBi-ACTIVITY-594,23694,23694
2022-05,CBi-PROVIDER-366,Vantage Towers,70,Communications services,Interchurched Aid [NGO],1,1,commitments,CBi-ACTIVITY-595,13747,13747
2022-05,CBi-PROVIDER-366,Vantage Towers,70,Communications services,Romanian Red Cross,1,1,commitments,CBi-ACTIVITY-596,13747,13747
2022-05,CBi-PROVIDER-366,Vantage Towers,70,Communications services,United Nations High Commissioner for Refugees (UNHCR),1,1,commitments,CBi-ACTIVITY-597,27494,27494
2022-05,CBi-PROVIDER-367,Verizon Communications Inc. ,70,Communications services,International Medical Corps (IMC) [NGO],1,1,commitments,CBi-ACTIVITY-598,250000,250000
2022-05,CBi-PROVIDER-367,Verizon Communications Inc. ,70,Communications services,Save the Children [NGO],1,1,commitments,CBi-ACTIVITY-599,250000,250000
2022-05,CBi-PROVIDER-367,Verizon Communications Inc. ,70,Communications services,USA for UNHCR,1,1,commitments,CBi-ACTIVITY-600,250000,250000
2022-05,CBi-PROVIDER-368,VF Foundation,70,Consumer discretionary,United Nations High Commissioner for Refugees (UNHCR),1,1,commitments,CBi-ACTIVITY-601,250000,250000
2022-05,CBi-PROVIDER-369,Visa Foundation,70,Financials,United Nations Children's Fund (UNICEF) USA,1,1,commitments,CBi-ACTIVITY-602,2000000,2000000
2022-05,CBi-PROVIDER-370,Vodafone,70,Communications services,United Nations High Commissioner for Refugees (UNHCR),1,1,spending,CBi-ACTIVITY-603,112360,112360
2022-05,CBi-PROVIDER-371,Vodafone Czech Republic a.s.,70,Communications services,People in Need [NGO],1,1,commitments,CBi-ACTIVITY-604,85780,85780
2022-05,CBi-PROVIDER-372,Vodafone Germany,70,Communications services,Aktion Deutschland Hilft [NGO],1,1,commitments,CBi-ACTIVITY-605,219932,219932
2022-05,CBi-PROVIDER-373,Vodafone Group Foundation,70,Communications services,United Nations High Commissioner for Refugees (UNHCR),1,1,commitments,CBi-ACTIVITY-606,549875,549875
2022-05,CBi-PROVIDER-374,Vodafone Hungary,70,Communications services,Hungarian Interchurch Aid [NGO],1,1,commitments,CBi-ACTIVITY-607,54988,54988
2022-05,CBi-PROVIDER-374,Vodafone Hungary,70,Communications services,Sovereign Military Order of Malta,1,1,commitments,CBi-ACTIVITY-608,54988,54988
2022-05,CBi-PROVIDER-375,Vodafone Italy Foundation,70,Communications services,Italian Red Cross,1,1,commitments,CBi-ACTIVITY-609,109976,109976
2022-05,CBi-PROVIDER-375,Vodafone Italy Foundation,70,Communications services,Maria Francesca Rava Foundation [NGO],1,1,commitments,CBi-ACTIVITY-610,109976,109976
2022-05,CBi-PROVIDER-376,Vodafone Luxembourg Foundation,70,Communications services,Luxembourg Red Cross,1,1,commitments,CBi-ACTIVITY-611,6817,6817
2022-05,CBi-PROVIDER-377,Vodafone Romania,70,Communications services,Association for Community Relations [NGO],1,1,commitments,CBi-ACTIVITY-612,43990,43990
2022-05,CBi-PROVIDER-377,Vodafone Romania,70,Communications services,Doctors for Romania Association [NGO],1,1,commitments,CBi-ACTIVITY-613,16496,16496
2022-05,CBi-PROVIDER-377,Vodafone Romania,70,Communications services,Fundatia Mereu Aproape [NGO],1,1,commitments,CBi-ACTIVITY-614,32992,32992
2022-05,CBi-PROVIDER-377,Vodafone Romania,70,Communications services,Jesuit Refugee Service [NGO],1,1,commitments,CBi-ACTIVITY-615,10997,10997
2022-05,CBi-PROVIDER-378,Vodafone Spain Foundation,70,Communications services,Save the Children [NGO],1,1,commitments,CBi-ACTIVITY-616,27491,27491
2022-05,CBi-PROVIDER-379,Vodafone UK,70,Communications services,British Red Cross Society ,1,1,commitments,CBi-ACTIVITY-617,329700,329700
2022-05,CBi-PROVIDER-380,Volkswagen AG,70,Consumer discretionary,UNO-Flüchtlingshilfe (Germany for UNHCR),1,1,commitments,CBi-ACTIVITY-618,1108400,1108400
2022-05,CBi-PROVIDER-381,Volvo,70,Consumer discretionary,United Nations High Commissioner for Refugees (UNHCR),1,1,spending,CBi-ACTIVITY-619,205570,205570
2022-05,CBi-PROVIDER-382,Wabtec Foundation,70,Industrials,International Rescue Committee (IRC) [NGO],1,1,commitments,CBi-ACTIVITY-620,50000,50000
2022-05,CBi-PROVIDER-382,Wabtec Foundation,70,Industrials,World Central Kitchen [NGO],1,1,commitments,CBi-ACTIVITY-621,50000,50000
2022-05,CBi-PROVIDER-383,WELL Health Technologies,70,Health care,United Nations Children's Fund (UNICEF) Canada,1,1,commitments,CBi-ACTIVITY-622,79000,79000
2022-05,CBi-PROVIDER-384,Wells Fargo & Company,70,Financials,[multiple or not specified],1,1,commitments,CBi-ACTIVITY-623,1000000,1000000
2022-05,CBi-PROVIDER-385,Western Union Foundation,70,Financials,International Medical Corps (IMC) [NGO],1,1,commitments,CBi-ACTIVITY-624,100000,100000
2022-05,CBi-PROVIDER-385,Western Union Foundation,70,Financials,Lithuanian Red Cross,1,1,commitments,CBi-ACTIVITY-625,22097,22097
2022-05,CBi-PROVIDER-386,White & Case,70,Financials,Ukrainian Red Cross Society,1,1,commitments,CBi-ACTIVITY-626,1000000,1000000
2022-05,CBi-PROVIDER-387,William Demant Foundation,70,Health care,United Nations Children's Fund (UNICEF),1,1,commitments,CBi-ACTIVITY-627,1050000,1050000
2022-05,CBi-PROVIDER-388,Wings for Things Foundation Inc.,70,0,World Food Programme (WFP),1,1,spending,CBi-ACTIVITY-628,242500,242500
2022-05,CBi-PROVIDER-389,World Federation of the Sporting Goods Industry,70,Consumer discretionary,Ukraine Humanitarian Fund (UHF),1,1,spending,CBi-ACTIVITY-629,53294,53294
2022-05,CBi-PROVIDER-390,"Wyndham Hotels & Resorts, Inc.",70,Consumer discretionary,Save the Children [NGO],1,1,commitments,CBi-ACTIVITY-630,100000,100000
2022-05,CBi-PROVIDER-391,XTX Markets,70,Financials,United Kingdom for UNHCR,1,1,spending,CBi-ACTIVITY-631,13187200,13187200
2022-05,CBi-PROVIDER-392,"Yamaha Motor Co., Ltd.",70,Industrials,Japan Platform [NGO],1,1,commitments,CBi-ACTIVITY-632,700000,700000
2022-05,CBi-PROVIDER-393,Yum! Brands Foundation,70,Consumer discretionary,International Committee of the Red Cross (ICRC),1,1,commitments,CBi-ACTIVITY-633,1000000,1000000
2022-05,CBi-PROVIDER-394,Yuri and Julia Milner Foundation,70,Information technology,GoFundMe.org Stand With Ukraine Fund,1,1,spending,CBi-ACTIVITY-634,2000000,2000000
2022-05,CBi-PROVIDER-395,Z Zurich Foundation,70,Financials,United Nations High Commissioner for Refugees (UNHCR),1,1,spending,CBi-ACTIVITY-635,269397,269397
2022-05,CBi-PROVIDER-396,Zegna N.V.,70,Consumer discretionary,United Nations High Commissioner for Refugees (UNHCR),1,1,spending,CBi-ACTIVITY-636,1123595,1123595
2022-05,CBi-PROVIDER-397,Zound Industries,70,Consumer discretionary,United Nations Children's Fund (UNICEF),1,1,commitments,CBi-ACTIVITY-637,27017,27017
2022-05,CBi-PROVIDER-397,Zound Industries,70,Consumer discretionary,United Nations High Commissioner for Refugees (UNHCR),1,1,commitments,CBi-ACTIVITY-638,27017,27017
